source,case_seq,case_no,case_name,doc_url,clause_title,opinion,opinion_source,gold_risk_level_candidate,articles,gold_risk_type_candidates,rationale,clause_text,review_status
법제처 OPEN API/prec,622247,2026다200365,기타(금전)[원고가 전세보증금반환보증계약에 기하여 주택도시보증공사를 상대로 보증채무 이행금에 대한 지연손해금의 지급을 구하는 사건],https://www.law.go.kr/DRF/lawService.do?OC=test&target=prec&ID=622247&type=HTML,(조 번호 미표기),(판단 불명확),판단 불명확,,,,"안의 개요 원심판결 이유와 기록에 따르면 다음 사실을 알 수 있다. 가. 원고(선정당사자), 선정자 2(이하 함께 ‘원고들’이라 한다)은 임대인과 사이에 서울 강동구 소재 아파트에 관하여 임대차계약을 체결한 후, 2023. 5. 19. 피고와 사이에 위 임대차계약에 관한 임대차보증금 693,000,000원의 지급보증을 위한 전세보증금반환보증계약(이하 ‘이 사건 보증계약’이라 한다)을 체결하였다. 나. 이 사건 보증계약 약관(이하 ‘이 사건 약관’이라 한다)의 주된 내용은 다음과 같다. 1) 보증사고는 보증채권자가 임대차계약의 해지 또는 종료 후 1개월 내에 정당한 사유 없이 전세보증금을 되돌려 받지 못한 경우를 말한다(제6조 제1항 제1호). 2) 보증채권자가 보증채무의 이행을 청구할 경우에는 약관에서 정한 서류를 제출하여야 하고, 보증채권자가 약관에서 정한 서류 중 일부를 누락해 이행을 청구한 경우 피고는 서면으로 기한을 정해 서류보완을 요청할 수 있다(제8조 제1항, 제3항). 3) 보증채권자가 보증채무 이행청구를 접수한 경우 피고는 이행심사를 거친 후 보증채무의 전부 또는 일부를 이행하고, 피고는 보증채권자의 보증채무 이행청구 접수일로부터 1개월(제8조 제3항에 따른 피고의 보완 요청이 있는 경우 그 보완을 완료한 때로부터 1개월) 이내에 보증금액을 지급한다(제9조 제1항). 4) 피고는 필요한 경우 전세목적물의 권리관계, 점유상황, 임대인의 이의제기, 면책사유 등을 심사하여 보증채무의 이행이 적절하지 않다고 판단하는 경우 보증채무의 전부 또는 일부의 이행을 거절하거나 유보한다(제9조 제2항). 피고에게 책임 없는 사유로 위 심사를 제9조 제1항의 기한 이내에 마치지 못한 경우 보증채권자에게 그 사유를 지급기한 이전에 알리고, 조사를 마친 날로부터 7일 이내에 보증채무 이행금액을 지급하거나 이행 여부를 결정한다(제9조 제3항). 5) 피고는 제9조 제1항 및 제3항의 지급기한 내에 정당한 사유 없이 보증채무 이행금액을 지급하지 않는 경우 그 지체된 날로부터 보증채무 이행금 지급일까지 상사법정이율에 따른 금액을 지연일수에 따라 배상한다(제9조 제4항). 다. 원고들은 위 임대차계약을 2023. 12. 26. 종료하기로 임대인과 합의하였음에도 임대인은 임대차계약 종료일로부터 1개월 이내에 원고들에게 임대차보증금을 반환하지 않았고, 이에 원고들은 2024. 2. 2. 이 사건 보증계약에서 정한 보증사고가 발생하였음을 이유로 피고에게 보증채무 이행청구를 하였다. 라. 피고는 2024. 3. 21. 원고들에게 전세보증금 이체확인증 또는 임대인이 발행한 영수증, 전세대출기관의 금융거래확인서 보완을 요청하였고, 원고들은 같은 날 곧바로 서류보완을 완료하였다. 피고는 2024. 4. 3. 원고들에게 임대차보증금 중 원고들이 미납한 관리비를 공제한 나머지 금액인 692,835,860원(이하 ‘이 사건 보증금’이라 한다)을 지급하였다. 마. 원고들은 피고가 이 사건 약관에 따라 이행청구 접수일로부터 1개월 이내에 원고들에게 이 사건 보증금을 지급할 의무가 있음에도 1개월이 지난 2024. 4. 3.에야 이 사건 보증금을 지급하였다는 이유로, 피고를 상대로 이 사건 보증금에 대한 이행청구 접수일로부터 1개월이 경과한 2024. 3. 3.부터 이 사건 보증금을 지급한 2024. 4. 3.까지 연 6%의 비율에 의한 지연손해금 등의 지급을 구하는 이 사건 소를 제기하였다. 3. 관련 법리 약관은 신의성실의 원칙에 따라 해당 약관의 목적과 취지를 고려하여 공정하고 합리적으로 해석하되, 개별 계약 당사자가 의도한 목적이나 의사를 참작하지 않고 평균적 고객의 이해가능성을 기준으로 객관적ㆍ획일적으로 해석하여야 한다. 그리고 특정 약관 조항을 그 ",라 한다)을 체결하였다. 나. 이 사건 보증계약 약관(이하,미검수
법제처 OPEN API/prec,621911,2025다220329,임대차보증금[임대인 사망 후 공동상속인 전원이 임차인과 기존 임대차계약을 연장하는 내용의 임대차계약을 체결한 행위가 민법 제1026조 제1호의 법정단순승인사유에 해당하는지 여부가 문제 된 사건],https://www.law.go.kr/DRF/lawService.do?OC=test&target=prec&ID=621911&type=HTML,(조 번호 미표기),(판단 불명확),판단 불명확,,,,"들을 통틀어 ‘피고 등’이라 한다)가 있었다. 피고는 2022. 5. 4. 서울가정법원에 망인에 대한 상속한정승인 신고를 하였다. 다. 원고는 2022. 5. 5. 피고 등과 이 사건 부동산을 차임 없이 임대차보증금 160,000,000원, 임대차기간 2022. 5. 11.부터 2024. 5. 10.까지로 정하여 임차하기로 하는 내용의 임대차계약(이하 ‘이 사건 임대차계약’이라 한다)을 체결하였다. 원고와 피고 등은 이 사건 임대차계약서를 작성하면서 특약사항으로 ""6. 본계약은 2020. 3. 27. 계약의 2년 연장계약이며, 계약조건은 같다."", ""7. 본계약은 임대인 소외 1의 사망으로 배우자와 자녀가 상속 임대인으로 전세보증금을 그대로 승계하고 기간을 연장한다."", ""8. 본계약 임대인들은 임차인의 전세대출 연장을 인지하고 협조한다.""라는 내용 등을 명기하였다. 라. 소외 2는 2022. 9. 8. 사망하였고, 피고, 제1심공동피고 1, 제1심공동피고 3, 제1심공동피고 4가 망 소외 2를 상속하였다. 피고는 2022. 12. 2. 서울가정법원에 망 소외 2에 대한 상속한정승인 신고를 하였다. 마. 서울가정법원은 2023. 4. 7. 피고의 망인에 대한 상속한정승인 신고를 수리하는 심판을 하였고(서울가정법원 2022느단52520호), 2023. 8. 3. 피고의 망 소외 2에 대한 상속한정승인 신고를 수리하는 심판을 하였다(서울가정법원 2022느단56887호). 2. 원심의 판단 원심은 판시와 같은 이유로, 피고가 원고와 이 사건 임대차계약을 체결한 것은 기존의 상속채무와 동일한 내용의 채무 내지 이 사건 임대차계약에 따른 새로운 임대차보증금반환채무를 피고 자신의 고유채무로서 부담하겠다는 의사를 표명한 것으로서 상속재산에 대한 처분행위에 해당한다고 판단하였다. 그 결과 민법 제1026조 제1호에 따라 상속인인 피고는 상속의 단순승인을 한 것으로 보아야 한다고 판단하였다. 3. 대법원의 판단 가. 1) 민법 제1026조는 ""다음 각 호의 사유가 있는 경우에는 상속인이 단순승인을 한 것으로 본다.""라고 하면서 제1호로 ‘상속인이 상속재산에 대한 처분행위를 한 때’를 규정하고 있다. 이러한 민법 제1026조 제1호의 입법 취지는 상속재산 처분을 행하는 상속인은 통상 상속을 단순승인하는 의사를 가진다고 추인할 수 있는 점, 그 처분 후 한정승인이나 포기를 허용하면 상속채권자나 공동 내지 차순위 상속인에게 불의의 손해를 미칠 우려가 있다는 점, 상속인의 처분행위를 믿은 제3자의 신뢰도 보호될 필요가 있다는 점 등에 있다(대법원 2012. 4. 16. 자 2011스191, 192 결정, 대법원 2023. 12. 28. 선고 2023다269399 판결 참조). 민법 제1026조 제1호는 상속인이 상속개시 후 자기를 위하여 상속이 개시된 사실을 알면서 한정승인 또는 상속포기의 신고를 수리하는 가정법원의 심판이 고지되기 이전에 상속재산을 처분한 때에 적용된다(대법원 2004. 3. 12. 선고 2003다63586 판결, 대법원 2016. 12. 29. 선고 2013다73520 판결 참조). 하지만 여기서 ‘처분행위’는 재산의 현상 또는 그 성질을 변하게 하는 사실적 행위 및 재산의 변동을 생기게 하는 법률적 행위를 포함한다 할 것이나 상속재산의 보존 및 관리행위는 이에 해당하지 아니한다(대법원 2015. 6. 23. 선고 2014다50913 판결 참조). 2) 법률행위의 해석은 당사자가 그 표시행위에 부여한 객관적인 의미를 명백하게 확정하는 것으로서 당사자가 표시한 문언에 의하여 그 객관적인 의미가 명확하게 드러나지 않는 경우에는 그 문언의 내용과 그 법률행위가 이루어진 동기 및 경위, 당사자가 그 법률행위에 의하여 달성하려고 하는 목적과 진정한 의사, 거래의 관행",라 한다)을 체결하였다. 원고와 피고 등은 이 사건 임대차계약서를 작성하면서 특약사항으로,미검수
법제처 OPEN API/prec,616581,2025두34604,증여세부과처분취소,https://www.law.go.kr/DRF/lawService.do?OC=test&target=prec&ID=616581&type=HTML,(조 번호 미표기),(판단 불명확),판단 불명확,,,," 합의의 내용 등에 비추어 볼 때, 이 사건 부채 중 매매예약 합의금 부분은 회수기간이 5년으로 정해졌고, 나아가 매매예약 합의금의 반환채무는 성질상 구 상증세법 시행령 제58조 제2항 본문, 상증세법 시행규칙 제18조의2 제2항 제1호에서 정한 ‘입회금ㆍ보증금 등’의 채무에 해당한다고 보기도 어려워 이를 현재가치 할인 평가 대상으로 볼 수 없다. 다. 이 사건 임대차계약의 임대기간은 ‘최초 입주개시일로부터 2년’에 그치고, 임대의무기간 10년은 구 임대주택법(2015. 8. 28. 법률 제13499호「민간임대주택에 관한 특별법」으로 전부 개정되기 전의 것, 이하 같다)에 따라 소외 3 회사로 하여금 임의로 임대주택을 매각하거나 임대차계약을 해지할 수 없도록 제한을 부여한 기간에 불과하므로, 이를 임대차보증금 반환채무의 원본 회수기간으로 볼 수 없다. 3. 대법원의 판단 위와 같은 원심의 판단은 그대로 수긍하기 어렵다. 가. 비상장주식의 보충적 평가방법을 규정한 상증세법 제63조 제1항 제1호 (나)목은 ‘비상장주식은 해당 법인의 자산 및 수익 등을 고려하여 대통령령으로 정하는 방법으로 평가한다.’고 규정하고 있다. 그 위임에 따른 구 상증세법 시행령 제54조 제1항 본문은 법인의 수익력과 자산력을 균형있게 반영하고자 비상장주식의 1주당 가액은 원칙적으로 1주당 순손익가치와 1주당 순자산가치를 3과 2의 비율로 가중평균한 가액에 의하도록 규정하고 있고, 1주당 순자산가치에 관하여 구 상증세법 시행령 제54조 제2항은 ‘해당 법인의 순자산가액 ÷ 발행주식총수’의 산식에 의하여 산출하도록 정하고 있다. 구 상증세법 시행령 제55조 제1항 전문은, 이때의 순자산가액은 평가기준일 현재 당해 법인의 자산을 상증세법 제60조 내지 제66조의 규정에 의하여 평가한 가액에서 부채를 차감한 가액으로 한다고 규정하고 있는바, 이와 같이 순자산가액을 산정함에 있어 자산가액에서 공제되는 부채는 그 산정 당시 해당 법인이 종국적으로 부담하여 이행하여야 할 것이 확실하다고 인정되는 채무를 뜻한다(대법원 2003. 5. 13. 선고 2002두12458 판결 등 참조). 나아가 구 상증세법 시행령 제58조 제2항 본문은 입회금ㆍ보증금 등의 채무가액은 원본의 회수기간ㆍ약정이자율 및 금융시장에서 형성되는 평균이자율 등을 감안하여 기획재정부령으로 정하는 바에 따라 평가한 가액으로 한다고 규정하고 있다. 이러한 위임에 따라 상증세법 시행규칙 제18조의2 제2항 제1호는 구 상증세법 시행령 제58조 제2항 본문에서의 ‘기획재정부령으로 정하는 바에 따라 평가한 가액’에 관하여, ‘원본의 회수기간이 5년을 초과하거나 회사정리절차 또는 화의절차의 개시 등의 사유로 당초 채권의 내용이 변경된 경우에는 각 연도에 회수할 금액(원본에 이자상당액을 가산한 금액을 말한다)을 구 상증세법 시행령 제58조의2 제2항 제1호 (가)목에 따른 적정할인율에 의하여 현재가치로 할인한 금액의 합계액’으로 하되, 이 경우 소득세법 제94조 제1항 제4호 (나)목의 규정에 의한 시설물이용권에 대한 입회금ㆍ보증금 등으로서 원본의 회수기간이 정하여지지 아니한 것은 그 회수기간을 5년으로 보아 현재가치로 할인하도록 규정하고 있다. 이는 법인 등이 부담하는 입회금ㆍ보증금 등에 관한 채무가액을 위 적정할인율에 의하여 현재가치로 할인한 금액으로 산정함으로써 입회금ㆍ보증금 등에 관한 채무액이 과다하게 산정되는 것을 방지하려는 데 목적이 있는 것으로, 이때 현재가치로 할인할 것인지 여부를 결정짓는 원본의 회수기간은 평가기준일 현재 해당 채무에 관하여 확정적으로 도래하는 변제기와 해당 평가기준일 사이의 시간적인 간격에 따라 정하여야 한다. 만일 평가기준일 현재 어느 채무의 변제기가 언제일지가 불분명하거나 유동적이어서 확정되지 아니한 경우에는 원본의 회수기간 자체가 정하여지지 아니한 것과 마찬가지로 보아, 상증세","최초 입주개시일로부터 2년’에 그치고, 임대의무기간 10년은 구 임대주택법(2015. 8. 28. 법률 제13499호「민간임대주택에 관한 특별법",미검수
법제처 OPEN API/prec,615767,2025다213466,보증금,https://www.law.go.kr/DRF/lawService.do?OC=test&target=prec&ID=615767&type=HTML,(조 번호 미표기),안전,판례 문맥 추론 · 단일 신호,안전,,,"고 있어야 하는지 여부(적극) / 대항력을 갖춘 임차인이 임차주택을 양수하여 소유자가 된 경우, 임차인의 주민등록이 소유권이전등기 이후에도 대항력의 인정요건이 되는 유효한 공시방법이 되는지 여부(소극) 및 이 경우 대항력의 소멸 시기(=소유권 취득 시) [3] 甲 은행이 乙에게 전세금안심대출을 실행하면서 담보로 교부받은 주택도시보증공사 발행 대출보증서의 보증약관에는 ‘특약주채무자가 전세목적물 주소지에 입주하여 주민등록을 마친 후 전세계약 기간 중 보증회사에 고지를 하지 않고 거주를 이전하거나 주민등록을 이전하는 등에 의하여 대항력과 우선변제권을 상실하였을 때’를 면책사유로 정한 조항이 있는데, 주택임대차보호법상 대항력과 우선변제권을 갖춘 임차인으로서 위 보증에 따른 구상금채무를 담보하기 위하여 임대차보증금반환채권을 보증공사에 양도한 乙이 임대차기간 중 임차주택을 매수하여 소유권이전등기를 마친 후 대출금을 상환하지 않자, 甲 은행이 보증공사에 보증채무의 이행을 청구한 사안에서, 乙이 임차주택의 소유권을 취득하여 대항력과 우선변제권을 상실하였으므로 위 보증약관에 따라 보증공사가 면책되었다고 본 원심판단에 법리오해 등의 잘못이 없다고 한 사례 ]]> [1] 주택임대차보호법 제3조 제1항에서 주택의 인도와 더불어 대항력의 요건으로 규정하고 있는 주민등록은 거래의 안전을 위하여 임차권의 존재를 제3자가 명백히 인식할 수 있게 하는 공시방법으로 마련된 것으로서, 주민등록이 어떤 임대차를 공시하는 효력이 있는지 여부는 그 주민등록으로 제3자가 임차권의 존재를 인식할 수 있는지에 따라 결정된다. 따라서 주민등록이 대항력의 요건을 충족시킬 수 있는 공시방법이 되려면 단순히 형식적으로 주민등록이 되어 있다는 것만으로는 부족하고, 주민등록에 의하여 표상되는 점유관계가 임차권을 매개로 하는 점유임을 제3자가 인식할 수 있는 정도는 되어야 한다. [2] 주택임대차보호법이 제3조 제1항에서 주택임차인에게 주택의 인도와 주민등록을 요건으로 명시하여 등기된 물권에 버금가는 강력한 대항력을 부여하고 있는 취지에 비추어 볼 때 달리 공시방법이 없는 주택임대차에 있어서 주택의 인도 및 주민등록이라는 대항요건은 그 대항력 취득 시에만 구비하면 족한 것이 아니라 그 대항력을 유지하기 위하여서도 계속 존속하고 있어야 한다. 따라서 대항력을 갖춘 임차인이 해당 임차주택을 양수함으로써 임차주택의 소유자가 된 경우에, 그 임차인의 주민등록은 임차주택에 관하여 임차인의 소유권이전등기가 마쳐진 이후에는 주택임대차의 대항력 인정요건이 되는 유효한 공시방법이 될 수 없고, 그 대항력은 소유권 취득 시에 소멸한다. [3] 甲 은행이 乙에게 전세금안심대출을 실행하면서 담보로 교부받은 주택도시보증공사(이하 ‘보증공사’라 한다) 발행 대출보증서의 보증약관에는 ‘특약주채무자가 전세목적물 주소지에 입주하여 주민등록을 마친 후 전세계약 기간 중 보증회사에 고지를 하지 않고 거주를 이전하거나 주민등록을 이전하는 등에 의하여 대항력과 우선변제권을 상실하였을 때’를 면책사유로 정한 조항이 있는데, 주택임대차보호법상 대항력과 우선변제권을 갖춘 임차인으로서 위 보증에 따른 구상금채무를 담보하기 위하여 임대차보증금반환채권을 보증공사에 양도한 乙이 임대차기간 중 임차주택을 매수하여 소유권이전등기를 마친 후 대출금을 상환하지 않자, 甲 은행이 보증공사에 보증채무의 이행을 청구한 사안에서, 보증공사가 보증채무를 이행할 경우 임대차보증금반환채권을 행사할 수 있는 상황에서 乙이 임차주택의 소유권을 취득하여 대항력과 우선변제권을 상실하였으므로 위 보증약관에 따라 보증공사의 보증채무가 면책되었다고 본 원심판단에 법리오해 등의 잘못이 없다고 한 사례. ]]> ]]> ]]> 【원고보조참가인, 상고인】 주식회사 △△△보험 【피고, 피상고인】 주택도시보증공사 (소송대리인 법무법인 춘추 담당변호사 윤태삼) 【원심판결】 서울중앙지법 2025. 5. 23. ",특약주채무자가 전세목적물 주소지에 입주하여 주민등록을 마친 후 전세계약 기간 중 보증회사에 고지를 하지 않고 거주를 이전하거나 주민등록을 이전하는 등에 의하여 대항력과 우선변제권을 상실하였을 때,미검수
법제처 OPEN API/prec,615767,2025다213466,보증금,https://www.law.go.kr/DRF/lawService.do?OC=test&target=prec&ID=615767&type=HTML,(조 번호 미표기),안전,판례 문맥 추론 · 단일 신호,안전,,,"기간 2018. 7. 11.부터 2020. 5. 11.까지, 주채무자 소외 1, 보증채권자 원고로 하는 전세자금대출 특약보증에 관한 전세금안심대출보증서를 발급하였고, 원고는 같은 날 소외 1과 대출거래약정을 체결하면서 소외 1로부터 위 전세금안심대출보증서를 담보로 교부받은 다음 소외 1에게 전세자금 2억 원을 대출하였다. 위 전세금안심대출보증 약관(이하 ‘이 사건 보증약관’이라 한다) 제22조 제1호는 ‘특약주채무자가 전세목적물 주소지에 입주하여 주민등록을 마친 후 전세계약 기간 중 보증회사에 고지를 하지 않고 거주를 이전하거나 주민등록을 이전하는 등에 의하여 대항력과 우선변제권을 상실(전세계약의 연장 등으로 보증을 갱신하는 경우 포함)하였을 때’를 피고의 면책사유로 정하고 있다. 마. 소외 1은 임대차기간 중인 2019. 12. 16. 이 사건 주택에 관하여 2019. 11. 4. 매매를 원인으로 한 소유권이전등기를 마쳤고, 대출만료일인 2020. 5. 11.이 경과하도록 원고에게 대출금을 상환하지 않았다. 2. 관련 법리 가. 주택임대차보호법 제3조 제1항에서 주택의 인도와 더불어 대항력의 요건으로 규정하고 있는 주민등록은 거래의 안전을 위하여 임차권의 존재를 제3자가 명백히 인식할 수 있게 하는 공시방법으로 마련된 것으로서, 주민등록이 어떤 임대차를 공시하는 효력이 있는지 여부는 그 주민등록으로 제3자가 임차권의 존재를 인식할 수 있는지에 따라 결정된다. 따라서 주민등록이 대항력의 요건을 충족시킬 수 있는 공시방법이 되려면 단순히 형식적으로 주민등록이 되어 있다는 것만으로는 부족하고, 주민등록에 의하여 표상되는 점유관계가 임차권을 매개로 하는 점유임을 제3자가 인식할 수 있는 정도는 되어야 한다(대법원 1999. 4. 23. 선고 98다32939 판결, 대법원 2000. 2. 11. 선고 99다59306 판결 등 참조). 나. 주택임대차보호법이 제3조 제1항에서 주택임차인에게 주택의 인도와 주민등록을 요건으로 명시하여 등기된 물권에 버금가는 강력한 대항력을 부여하고 있는 취지에 비추어 볼 때 달리 공시방법이 없는 주택임대차에 있어서 주택의 인도 및 주민등록이라는 대항요건은 그 대항력 취득 시에만 구비하면 족한 것이 아니라 그 대항력을 유지하기 위하여서도 계속 존속하고 있어야 한다(대법원 1998. 1. 23. 선고 97다43468 판결, 대법원 2025. 4. 15. 선고 2024다326398 판결 등 참조). 따라서 대항력을 갖춘 임차인이 해당 임차주택을 양수함으로써 임차주택의 소유자가 된 경우에, 그 임차인의 주민등록은 임차주택에 관하여 임차인의 소유권이전등기가 마쳐진 이후에는 주택임대차의 대항력 인정요건이 되는 유효한 공시방법이 될 수 없고, 그 대항력은 소유권 취득 시에 소멸한다. 3. 판단 가. 원심은 그 판시와 같이 피고가 전세금안심대출보증에 따른 보증채무를 이행할 경우 임대차보증금반환채권을 행사할 수 있는 상황에서 임차인 소외 1이 이 사건 주택의 소유권을 취득함으로써 대항력과 우선변제권을 상실하였으므로 이 사건 보증약관 제22조 제1호에 따라 피고의 보증채무는 면책되었다고 보아, 이와 다른 전제에서 피고를 상대로 전세자금대출 특약보증에 기한 보증채무의 이행을 구하는 원고의 청구를 기각하였다. 나. 원심판결 이유를 관련 법리와 기록에 비추어 살펴보면, 원심의 이유 설시에 일부 적절하지 아니한 부분이 있으나, 위와 같은 원심판단은 받아들일 수 있고, 거기에 상고이유 주장과 같이 민법상 혼동이나 이 사건 보증약관상 면책사유의 해석, 주택임대차보호법상 대항력 또는 우선변제권 상실에 관한 법리를 오해하고 필요한 심리를 다하지 않는 등으로 판결에 영향을 미친 잘못이 없다. 4. 결론 상고를 기각하고, 상고비용은 패소자가 부담하기로 하여, 관여 대법관의 일치된 의견으로 주문과 같이 판결한다. 대법관 마용주(재판장) 노태악 서경환(주심) 신숙희 ]]>",라 한다) 제22조 제1호는 ‘특약주채무자가 전세목적물 주소지에 입주하여 주민등록을 마친 후 전세계약 기간 중 보증회사에 고지를 하지 않고 거주를 이전하거나 주민등록을 이전하는 등에 의하여 대항력과 우선변제권을 상실(전세계약의 연장 등으로 보증을 갱신하는 경우 포함)하였을 때,미검수
법제처 OPEN API/prec,622837,2025나8154,기타(금전),https://www.law.go.kr/DRF/lawService.do?OC=test&target=prec&ID=622837&type=HTML,(조 번호 미표기),(판단 불명확),판단 불명확,,,,"잔금 594,000,000원 합계 660,000,000원을 지급하고 이 사건 아파트를 인도받고 주민등록을 마쳤다. 다. 원고들은 2022. 7. 9. 소외인과 위 나.항 기재 전세계약에 관하여, 기간 2022. 8. 11.부터 2024. 8. 10.까지, 전세보증금 33,000,000원을 증액하는 내용으로 계약을 체결하고(이하 위와 같이 증액된 계약을 ‘이 사건 전세계약’이라 한다), 소외인에게 증액된 전세보증금 33,000,000원을 지급하였다(이하 증액된 693,000,000원을 ‘이 사건 전세보증금’이라 한다). 라. 원고들은 2023. 5. 19. 피고와 이 사건 전세계약에 관하여 이 사건 전세보증금의 지급보증을 위한 전세보증금반환보증계약(이하 ‘이 사건 보증계약’이라 한다)을 체결하고, 피고에게 보증료 1,665,550원을 지급하였다. 이 사건 보증계약의 약관(이하 ‘이 사건 약관’이라 한다) 중 이 사건과 관련된 주된 내용은 아래와 같다. 제6조(보증사고) ① 보증사고는 아래에 열거된 보증사고사유 중 하나가 발생한 경우를 말합니다. 1. 보증채권자가 전세계약의 해지 또는 종료 후 1월 내에 정당한 사유 없이 전세보증금을 되돌려 받지 못한 경우 제7조(보증채무 이행청구) ① 보증채권자는 보증사고 유형에 따라 다음과 같이 공사에 보증채무의 이행을 청구해야 합니다. 1. 전세계약이 해지 또는 종료된 후 1월 내에 전세보증금을 반환받지 못한 경우에는 주택임대차보호법 제3조의3에 따라 주택임차권등기를 마친 후(전세목적물의 경 공매에 따라 임차권이 이미 소멸한 경우 또는 전세권을 공사로 이전한 임차인인 경우 제외) 이행 청구해야 합니다. ② 제1항에 따른 이행청구를 한 경우, 공사가 필요한 서류의 제출을 요청하거나 공사가 담보로 설정한 담보물의 교부 이전등기 등 권리의 실행 등을 위해 필요한 조치를 요청한 때에는 지체없이 응해야 합니다. 제8조(보증채무 이행청구시 제출서류) ① 보증채권자가 보증채무의 이행을 청구할 경우에는 공사에 다음 각호의 서류를 제출하여야 합니다. 1. 보증채무 이행청구서 2. 신분증 사본 3. 보증서 또는 그 사본(공사가 확인가능한 경우에는 생략할 수 있음) 4. 내용증명우편 등 전세계약이 해지 또는 종료되었음을 증명하는 서류 5. 명도확인서 또는 퇴거예정확인서 6. 배당표 등 전세보증금 중 받지 못한 금액을 증명하는 서류(경ㆍ공매시) 7. 계좌입금의뢰서 또는 보증채권자 명의의 통장 사본 8. 공사가 요구하는 그 밖의 서류 ② 보증채권자는 공사로부터 전세계약과 관계있는 서류사본의 제출을 요청받은 경우에는 이에 응해야 합니다. ③ 보증채권자가 제1항에서 제2항까지의 서류 중 일부를 누락해 이행을 청구한 경우 공사는 서면으로 기한을 정해 서류보완을 요청할 수 있습니다. 제9조(보증채무의 이행) ① 보증채권자가 제7조에 따라 보증채무 이행청구를 접수한 경우 공사는 제2항의 이행심사를 거친 후 보증채무의 전부 또는 일부를 이행합니다. 공사는 제7조에 따른 보증채권자의 보증채무 이행 청구접수일로부터 1월(제8조 제3항에 따른 공사의 보완 요청이 있는 경우 그 보완을 완료한 때로부터 1월) 이내에 보증금액을 지급합니다. ② 공사는 제1항의 보증채무 이행청구 접수 후 주채무자가 이의제기 하는 등 필요하다고 판단되는 경우 다음 각 호의 사항을 심사하고, 보증채무의 이행이 적절하지 않다고 판단하는 경우 다음 각 호의 사항을 심사하고, 보증채무의 이행이 적절하지 않다고 판단하는 경우에는 보증채무의 전부 또는 일부의 이행을 거절하거나 유보합니다. ③ 공사에게 책임 없는 사유로 제2항의 심사를 제1항의 기한 이내에 마치지 못하는 경우 공사는 보증채권자에게 그 사유를 지급기한 이전에 알리고 그 조사를 마친 날로부터 7일 이내에 보증 채무 이행금액을 지급하거나 보증채권자에게 보증채무 이행의 거절","라 한다), 소외인에게 증액된 전세보증금 33,000,000원을 지급하였다(이하 증액된 693,000,000원을",미검수
법제처 OPEN API/prec,622837,2025나8154,기타(금전),https://www.law.go.kr/DRF/lawService.do?OC=test&target=prec&ID=622837&type=HTML,(조 번호 미표기),(판단 불명확),판단 불명확,,,,"로 계약을 체결하고(이하 위와 같이 증액된 계약을 ‘이 사건 전세계약’이라 한다), 소외인에게 증액된 전세보증금 33,000,000원을 지급하였다(이하 증액된 693,000,000원을 ‘이 사건 전세보증금’이라 한다). 라. 원고들은 2023. 5. 19. 피고와 이 사건 전세계약에 관하여 이 사건 전세보증금의 지급보증을 위한 전세보증금반환보증계약(이하 ‘이 사건 보증계약’이라 한다)을 체결하고, 피고에게 보증료 1,665,550원을 지급하였다. 이 사건 보증계약의 약관(이하 ‘이 사건 약관’이라 한다) 중 이 사건과 관련된 주된 내용은 아래와 같다. 제6조(보증사고) ① 보증사고는 아래에 열거된 보증사고사유 중 하나가 발생한 경우를 말합니다. 1. 보증채권자가 전세계약의 해지 또는 종료 후 1월 내에 정당한 사유 없이 전세보증금을 되돌려 받지 못한 경우 제7조(보증채무 이행청구) ① 보증채권자는 보증사고 유형에 따라 다음과 같이 공사에 보증채무의 이행을 청구해야 합니다. 1. 전세계약이 해지 또는 종료된 후 1월 내에 전세보증금을 반환받지 못한 경우에는 주택임대차보호법 제3조의3에 따라 주택임차권등기를 마친 후(전세목적물의 경 공매에 따라 임차권이 이미 소멸한 경우 또는 전세권을 공사로 이전한 임차인인 경우 제외) 이행 청구해야 합니다. ② 제1항에 따른 이행청구를 한 경우, 공사가 필요한 서류의 제출을 요청하거나 공사가 담보로 설정한 담보물의 교부 이전등기 등 권리의 실행 등을 위해 필요한 조치를 요청한 때에는 지체없이 응해야 합니다. 제8조(보증채무 이행청구시 제출서류) ① 보증채권자가 보증채무의 이행을 청구할 경우에는 공사에 다음 각호의 서류를 제출하여야 합니다. 1. 보증채무 이행청구서 2. 신분증 사본 3. 보증서 또는 그 사본(공사가 확인가능한 경우에는 생략할 수 있음) 4. 내용증명우편 등 전세계약이 해지 또는 종료되었음을 증명하는 서류 5. 명도확인서 또는 퇴거예정확인서 6. 배당표 등 전세보증금 중 받지 못한 금액을 증명하는 서류(경ㆍ공매시) 7. 계좌입금의뢰서 또는 보증채권자 명의의 통장 사본 8. 공사가 요구하는 그 밖의 서류 ② 보증채권자는 공사로부터 전세계약과 관계있는 서류사본의 제출을 요청받은 경우에는 이에 응해야 합니다. ③ 보증채권자가 제1항에서 제2항까지의 서류 중 일부를 누락해 이행을 청구한 경우 공사는 서면으로 기한을 정해 서류보완을 요청할 수 있습니다. 제9조(보증채무의 이행) ① 보증채권자가 제7조에 따라 보증채무 이행청구를 접수한 경우 공사는 제2항의 이행심사를 거친 후 보증채무의 전부 또는 일부를 이행합니다. 공사는 제7조에 따른 보증채권자의 보증채무 이행 청구접수일로부터 1월(제8조 제3항에 따른 공사의 보완 요청이 있는 경우 그 보완을 완료한 때로부터 1월) 이내에 보증금액을 지급합니다. ② 공사는 제1항의 보증채무 이행청구 접수 후 주채무자가 이의제기 하는 등 필요하다고 판단되는 경우 다음 각 호의 사항을 심사하고, 보증채무의 이행이 적절하지 않다고 판단하는 경우 다음 각 호의 사항을 심사하고, 보증채무의 이행이 적절하지 않다고 판단하는 경우에는 보증채무의 전부 또는 일부의 이행을 거절하거나 유보합니다. ③ 공사에게 책임 없는 사유로 제2항의 심사를 제1항의 기한 이내에 마치지 못하는 경우 공사는 보증채권자에게 그 사유를 지급기한 이전에 알리고 그 조사를 마친 날로부터 7일 이내에 보증 채무 이행금액을 지급하거나 보증채권자에게 보증채무 이행의 거절 혹은 유보결정을 알립니다. ④ 공사는 제1항 및 제3항의 지급기한 내에 정당한 사유 없이 보증채무이행금액을 지급하지 않는 경우 그 지체된 날로부터 보증채무 이행금 지급일까지 상사법정이율에 따른 금액을 지연일수에 따라 배상합니다. 마. 원고들은 2023. 9. 25. 소외인과 이 사건 전세계약 기","라 한다)을 체결하고, 피고에게 보증료 1,665,550원을 지급하였다. 이 사건 보증계약의 약관(이하",미검수
법제처 OPEN API/prec,622837,2025나8154,기타(금전),https://www.law.go.kr/DRF/lawService.do?OC=test&target=prec&ID=622837&type=HTML,제8조,(판단 불명확),판단 불명확,,,,"정되는 다음과 같은 사실 및 사정들을 종합적으로 고려하면 원고들이 이 사건 이행청구를 피고에게 접수한 날로부터 50여일이 지나 이루어진 피고의 서류보완 요청이 정당한 것으로 보이지 아니하므로, 피고는 원고들이 이 사건 이행청구를 한 날로부터 1월이 지난 2024. 3. 3.부터 이행지체에 빠졌다고 봄이 상당하다. 위 피고의 주장은 받아들이지 않는다. 가) 이 사건 약관 제8조 제3항은 ""보증채권자가 제1항에서 제2항까지의 서류 중 일부를 누락해 이행을 청구한 경우 공사는 서면으로 기한을 정해 서류보완을 요청할 수 있습니다.""라고 규정하고 있을 뿐, 피고가 언제까지 보완요구를 할 수 있는 것인지에 관한 시간적 한계에 관하여 아무런 규정을 두지 않고 있다. 그런데 이러한 피고의 서류보완 요청이 있게 되면 이 사건 약관 제9조 제1항에 의하여 보증채무의 이행기는 보증채권자가 그 보완을 완료한 때로부터 다시 1월 이후로 늦춰지게 되는 결과가 발생하게 되므로, 누락된 서류에 대한 보완을 요청할 수 있는 시간적 한계를 합리적인 범위 내에서 제한할 필요가 있다. 나) 피고가 서류보완 요청을 할 수 있는 시간적 한계에 관하여 보건대, ① 이 사건 약관은 보험금 지급기한을 이행청구를 접수한 날로부터 1월 이내에 보증채무를 지급하여야 하는 것으로 정하고 있으므로(제8조 제1항), 보증채무의 이행을 청구한 보증채권자로서는 1월 이내에 피고로부터 서류보완 요청이 없다면 바로 보증채무가 이행되리라는 기대권이 생겼다고 할 것인 점, ② 그런데도 이행청구 이후 1월이 지나 위와 같은 기대권이 생긴 이후에도 피고의 서류보완 요청이 허용된다면, 피고가 정당한 사유 없이 보증채무 이행을 지체하고도 뒤늦게 서류보완을 요청하여 그 지체책임에서 손쉽게 벗어날 수 있게 되는바, 이는 형평과 정의에 반하는 점, ③ 임차인들이 적지 않은 보증료를 부담하면서도 피고와 이 사건 보증계약을 체결하는 이유는 그들의 전재산에 가까운 전세보증금을 적어도 1달 이상 돌려받지 못하는 상황(약관에서 정한 보증사고)이 발생하는 경우에 대비하여, 전세보증금의 빠른 반환을 보장받고, 이를 통하여 새로운 주거지에 대한 자유롭고 평화로운 이전을 확보하기 위함이라 할 것인바, 이 사건 보증계약에 따른 보증채무는 지급요건을 충족하는 한 최대한 빠르게 이행되어야 할 필요가 있고, 이는 위 1. 가.에서 본 피고의 설립목적에도 부합하는 점, ④ 이 사건 약관 제20조 제2항은 ""공사는 약관의 뜻이 명백하지 않은 경우에는 보증채권자에게 유리하게 해석합니다.""라고 정하고 있고, 약관의 뜻이 명백하지 아니한 경우에는 고객에게 유리하게 해석하여야 하는 점(약관의 규제에 관한 법률 제5조 제2항)을 두루 참작하면, 이 사건 약관 중 서류보완을 요청할 수 있는 시간적인 한계는 특별한 사정이 없다면 피고가 이행청구를 접수한 날로부터 1월 이내에 한정된다고 해석함이 상당하다. 다) 한편, 피고는 원고(선정당사자)에게, 2024. 3. 21. 카카오톡 메시지로 전세보증금 전액에 대한 이체확인증, 임대인이 발행한 영수증, 전세대출기관의 금융거래확인서 1부의 제출을 요구하였고, 같은 날 구두로 주택의 명도완료 사진 제출을 요구하였고(이 사건 약관에서 서류 보완 요청은 서면으로 하도록 되어 있는 점에 비추어 보면 구두로 요청한 것이 정당한 것인지에 관한 의문도 든다), 원고들은 같은 날 및 같은 달 27. 피고에게 피고가 요청한 서류를 보완하여 제출하였다. 이와 같이 피고가 보완 요청한 서류들이 비록 보증채무 이행을 위해 반드시 필요한 서류라고 하더라도, 보증업무를 취급하는 전문가인 피고 입장에서는 그 누락 여부를 비교적 쉽게 파악할 수 있는 서류들임에도 피고가 2024. 2. 2. 원고들로부터 이 사건 이행청구를 접수하고도, 그로부터 1월이 훨씬 지난 2024. 3. 21.에야 서류보완 요청을 한 것은 정당하다 평가할 수 없고, 달리 피",보증채권자가 제1항에서 제2항까지의 서류 중 일부를 누락해 이행을 청구한 경우 공사는 서면으로 기한을 정해 서류보완을 요청할 수 있습니다.,미검수
법제처 OPEN API/prec,622837,2025나8154,기타(금전),https://www.law.go.kr/DRF/lawService.do?OC=test&target=prec&ID=622837&type=HTML,(조 번호 미표기),(판단 불명확),판단 불명확,,,,"는 기대권이 생겼다고 할 것인 점, ② 그런데도 이행청구 이후 1월이 지나 위와 같은 기대권이 생긴 이후에도 피고의 서류보완 요청이 허용된다면, 피고가 정당한 사유 없이 보증채무 이행을 지체하고도 뒤늦게 서류보완을 요청하여 그 지체책임에서 손쉽게 벗어날 수 있게 되는바, 이는 형평과 정의에 반하는 점, ③ 임차인들이 적지 않은 보증료를 부담하면서도 피고와 이 사건 보증계약을 체결하는 이유는 그들의 전재산에 가까운 전세보증금을 적어도 1달 이상 돌려받지 못하는 상황(약관에서 정한 보증사고)이 발생하는 경우에 대비하여, 전세보증금의 빠른 반환을 보장받고, 이를 통하여 새로운 주거지에 대한 자유롭고 평화로운 이전을 확보하기 위함이라 할 것인바, 이 사건 보증계약에 따른 보증채무는 지급요건을 충족하는 한 최대한 빠르게 이행되어야 할 필요가 있고, 이는 위 1. 가.에서 본 피고의 설립목적에도 부합하는 점, ④ 이 사건 약관 제20조 제2항은 ""공사는 약관의 뜻이 명백하지 않은 경우에는 보증채권자에게 유리하게 해석합니다.""라고 정하고 있고, 약관의 뜻이 명백하지 아니한 경우에는 고객에게 유리하게 해석하여야 하는 점(약관의 규제에 관한 법률 제5조 제2항)을 두루 참작하면, 이 사건 약관 중 서류보완을 요청할 수 있는 시간적인 한계는 특별한 사정이 없다면 피고가 이행청구를 접수한 날로부터 1월 이내에 한정된다고 해석함이 상당하다. 다) 한편, 피고는 원고(선정당사자)에게, 2024. 3. 21. 카카오톡 메시지로 전세보증금 전액에 대한 이체확인증, 임대인이 발행한 영수증, 전세대출기관의 금융거래확인서 1부의 제출을 요구하였고, 같은 날 구두로 주택의 명도완료 사진 제출을 요구하였고(이 사건 약관에서 서류 보완 요청은 서면으로 하도록 되어 있는 점에 비추어 보면 구두로 요청한 것이 정당한 것인지에 관한 의문도 든다), 원고들은 같은 날 및 같은 달 27. 피고에게 피고가 요청한 서류를 보완하여 제출하였다. 이와 같이 피고가 보완 요청한 서류들이 비록 보증채무 이행을 위해 반드시 필요한 서류라고 하더라도, 보증업무를 취급하는 전문가인 피고 입장에서는 그 누락 여부를 비교적 쉽게 파악할 수 있는 서류들임에도 피고가 2024. 2. 2. 원고들로부터 이 사건 이행청구를 접수하고도, 그로부터 1월이 훨씬 지난 2024. 3. 21.에야 서류보완 요청을 한 것은 정당하다 평가할 수 없고, 달리 피고가 서류보완 요청을 이와 같이 뒤늦게 하여야만 할 다른 사정이 있다고 보이지도 아니하므로, 피고는 이 사건 이행청구를 접수한 날로부터 1월이 경과한 다음 날인 2024. 3. 3. 보증채무의 이행지체에 빠졌다고 봄이 타당하다. 라. 소결론 그렇다면 피고는 원고들에게 보증채무 원금 중 잔금 3,634,548원 및 이에 대하여 일부 변제일 다음 날인 2024. 4. 4.부터 피고가 그 이행의무의 존재 여부나 범위에 관하여 항쟁하는 것이 타당하다고 인정되는 당심판결 선고일인 2025. 12. 17.까지 이 사건 약관에서 정한 연 6%, 그다음 날부터 다 갚는 날까지 소송촉진 등에 관한 특례법이 정한 연 12%의 각 비율로 계산한 지연손해금을 지급할 의무가 있다. 따라서 원고들의 주장은 위 인정 범위 내에서 이유 있다. 3. 결론 그렇다면 원고들의 이 사건 청구는 위 인정 범위 내에서 이유 있어 인용하고 나머지 청구는 이유 없어 기각하여야 한다. 제1심판결은 이와 결론을 일부 달리하여 부당하므로 원고들의 항소를 일부 받아들여 제1심판결을 위와 같이 변경하기로 하여, 주문과 같이 판결한다. 판사 노진영(재판장) 변지영 윤재남 ]]>","그들의 전재산에 가까운 전세보증금을 적어도 1달 이상 돌려받지 못하는 상황(약관에서 정한 보증사고)이 발생하는 경우에 대비하여, 전세보증금의 빠른 반환을 보장받고, 이를 통하여 새로운 주거지에 대한 자유롭고 평화로운 이전을 확보하기 위함이라 할 것인바, 이 사건 보증계약에 따른 보증채무는 지급요건을 충족하는 한 최대한 빠르게 이행되어야 할 필요가 있고, 이는 위 1. 가.에서 본 피고의 설립목적에도 부합하는 점, ④ 이 사건 약관 제20조 제2항은 ""공사는 약관의 뜻이 명백하지 않은 경우에는 보증채권자에게 유리하게 해석합니다.",미검수
법제처 OPEN API/prec,622353,2025나10686,유익비,https://www.law.go.kr/DRF/lawService.do?OC=test&target=prec&ID=622353&type=HTML,제12조,(판단 불명확),판단 불명확,,,," 있다고 할 것이다. 이 부분에 관한 원고의 주장이 이유 있고, 피고들의 주장은 이유 없다. ① 이 사건 전세권계약은 민법에서 정한 일반적인 전세권설정계약에 따라 체결되었고, 그에 따른 전세권설정등기가 마쳐졌을 뿐이다. ② 이 사건 전세권계약의 체결당사자에 상인연합회도 포함되어 있고, 그 내용 또한 일반적인 전세권설정계약의 권리ㆍ의무관계 그대로일 뿐이다. 이 사건 전세권계약 제12조는, ""이 계약에 정한 이외의 사항이 있거나 또는 이의가 있을 때에는 대한민국 법령, 자치법규 및 일반 임대차 관습에 따른다""고 규정하고 있다. ③ 아래와 같은 이 사건 전세권계약의 진행경과에 비추어 보더라도, 이 사건 전세권계약은 사법상 법률관계를 전제로 하고 있을 뿐 행정작용으로 행해진 것으로 보기 어렵다. ㉮ 망인은 이 사건 전세권계약 체결 당시 그 형식을 근저당권설정계약으로 하기를 원하는 의사를 표시하였으나, 원고 내부 검토 결과 근저당권은 이 사건 전세부분에 대한 경매 시 사용ㆍ수익권을 주장할 수 없다는 등의 이유로 전세계약인 이 사건 전세권계약이 체결되었다. ㉯ 원고는 당초 이 사건 전세부분의 전세금을 32억 원으로 계획하였으나 망인이 2014년 초 이 사건 전세부분에 식자재마트 입점을 논의할 당시 임대차보증금 외에 월 차임 3,500만 원을 받기로 하였던 사정을 들며 전세금만으로는 건물을 임대하지 않겠다는 의견을 표명하였다. 이로 인해 원고와 망인 간에 2016. 3.부터 2016. 12.까지 10여 차례 협의 및 2016. 11. 14.부터 2016. 12. 12.까지 □□감정평가법인 외 1개소의 감정평가를 거쳐 전세금을 45억 원으로 정하여 그중 32억 원은 원고가, 나머지 13억 원은 상인연합회가 각 부담하였다. ㉰ 상인연합회에서 2020. 7.경 망인에게 이 사건 전세권계약의 기간 연장을 요청하였으나 망인이 연장을 거절하였다. ㉱ 원고, 상인연합회와 망인, 전차인들은 전차인들이 매출 신장이 기대되는 정월대보름 기간의 영업기회를 확보하고 매장을 이전할 장소도 마련할 수 있도록 이 사건 전세권계약기간을 2022. 4. 12.까지로 3개월 연장하는데 합의하였고, 원고와 상인연합회는 2022. 3. 31. 이 사건 전세부분에서 퇴거하였으나 전세금 반환에 관하여는 망인의 요청으로 2022. 4. 합의를 거친 끝에 2022. 4. 15. 일부인 30억 원만을 반환하였고 2022. 6. 30. 나머지 15억 원 및 지연이자 7,995,610원을 반환하였다. ④ 피고들은, ""원고의 예산이 아닌 국고보조금으로 공사비용이 지출되었으므로, 유익비 상환청구 대상이 될 수 없다""고도 주장한다. 그러나 전세권자가 전세금 및 공사 비용을 조달하는 방법은 전세권자의 내부적 사정에 불과하다. 원고가 상인연합회와 공동 전세권자가 되어 피고와 사이에 대등한 관계에서 이 사건 전세권계약을 체결한 이상, 피고와의 법률관계는 사법상의 전세권설정계약에 따라 의율됨이 원칙이다. 따라서 이와 다른 전제에 선 피고들의 이 부분 주장은 받아들일 수 없다. 나. 유익비 상환청구권의 묵시적 포기 여부 앞서 인정한 사실 및 갑 제11호증의 기재에 변론 전체의 취지를 더하여 인정할 수 있는 다음과 같은 사정에 비추어 보면, 피고들이 제출한 증거만으로는, 원고가 이 사건 전세권계약상 유익비 상환청구권을 묵시적으로 포기하였다고 인정하기에 부족하고, 달리 이를 인정할 증거가 없다. 피고들의 이 부분 주장은 이유 없다. ① 이 사건 전세권계약은 보조금 준비과정을 거쳐 이 사건 상생협약이 체결된 후 2년여가 지난 시점에서야 체결되었으므로, 망인은 계약 체결 시점 무렵에 원고가 이 사건 전세부분에 복합커뮤니티센터를 조성하고 시설을 현대화하는 사업을 한다는 사실과 이를 위해서 리모델링 공사가 필요하다는 사실을 알고 있었을 것으로 보인다. 이와 같은 맥락에서 이 사건 전세권계약은 제","계약에 정한 이외의 사항이 있거나 또는 이의가 있을 때에는 대한민국 법령, 자치법규 및 일반 임대차 관습에 따른다",미검수
법제처 OPEN API/prec,622353,2025나10686,유익비,https://www.law.go.kr/DRF/lawService.do?OC=test&target=prec&ID=622353&type=HTML,(조 번호 미표기),(판단 불명확),판단 불명확,,,,"조에서 이 사건 전세부분에 대한 내ㆍ외부 수선ㆍ보수 공사를 허용하면서도, 유익비 상환청구를 명시적으로 배제하는 규정을 두고 있지 않다. ② 임대차 계약에서 원상회복 약정이 있는 경우 유익비 상환청구권을 포기한 것이라고 보는 것이 통상적이므로(대법원 1995. 6. 30. 선고 95다12927 판결), 전세권의 경우에도 마찬가지로 보아야 할 것이다. 그러나 이 사건 전세권계약은 제11조에서 원상회복의무에 관하여, ""전세권자가 그 사용ㆍ수익을 위하여 현상을 변경하여 그 가치가 현저히 감소되었을 경우""에 전세권자는 원상회복을 하여야 한다고 규정하고 있다. 즉, 전세권자의 현상 변경으로 전세목적물의 가치가 현저히 감소되었을 경우에 한하여 원상회복의무가 있을 뿐인데, 피고들이 제출한 증거들만으로는, 위와 같은 원상회복대상이 될 정도로 전세목적물의 가치가 현저히 감소되었다고 인정하기에 부족하다. 나아가 망인으로서는 위와 같이 원상회복의무의 범위를 제한함으로써 이 사건 전세부분의 가치가 증가된 이익을 보유할 수 있었을 것이므로, 위와 같은 규정이 망인 또는 피고들에게 일방적으로 불리하여 합리성을 결여하였다고 볼 수도 없다. ③ 피고들은 ""원고도 내부적으로 이 사건 전세부분을 원상회복하여 반환하는 방안을 검토하였다""거나, ""원고와 같은 지방자치단체가 유익비 반환을 구한 사례가 없다""고 주장한다. 그러나 원고가 원상회복과 유익비 상환청구 중 어느 쪽을 택할지 검토한 사정만으로는, 원고가 유익비상환청구권을 포기하고 원상회복의무를 이행하기로 하였다고 보기 어렵다. 나아가 피고들은, ""2014. 7.경 대구광역시 ◇◇◇ 팀장으로 근무하였던 소외 4가 ‘이 사건 상생협약에 따라 시설 현대화의 이익은 망인에게도 귀속되어야 한다’고 진술하는 등 유익비 상환청구권의 포기를 전제로 망인에게 이 사건 전세권계약의 체결을 유도하였다""는 취지로도 주장한다. 그러나 위와 같은 소외 4의 발언은 이 사건 상생협약에 관한 주관적 의견일 뿐만 아니라, 그 발언내용만으로는 원고가 유익비 상환청구권을 포기하였다고 단정하기도 어렵다. 한편 피고들은, ""민법 제316조 제1항에 의하여 원고에게 원상회복의무가 있다""고도 주장한다. 그러나 원고는 피고들에게 민법 제310조 제1항에 의하여 유익비 상환청구를 하고 있는 것이고, 앞에서 본 바와 같이 원고가 유익비 상환청구권을 포기하였음을 인정할 증거가 없는 이상, 유익비 부분에 관하여 원고에게 원상회복의무가 발생한다고 볼 수 없으므로, 이를 전제로 하는 피고들의 위 주장도 이유 없다. 다. 유익비 상환의 범위 1) 이 사건 전세부분의 객관적 가치 증가 가) 갑 제3 내지 5, 22, 23호증의 각 기재, 제1심법원의 ☆☆감정평가사사무소에 대한 유익비 감정촉탁 결과 및 변론 전체의 취지에 비추어 보면, 원고가 유익비 상환을 구하는 항목 중 ① 건축공사는 가설공사, 조적공사, 미장공사, 타일공사, 석공사, 도장공사, 창호공사, 유리공사, 수장공사(화장실칸막이 등), 금속공사(경량철골천정틀), 철거공사, 기타공사(콘크리트면 마무리 등)를, ② 기계공사는 위생기구 설치공사(화장실 보수), 배기배관공사(덕트, 송풍기), 오ㆍ배수배관공사, 기타건축(기계)공사는 건축(기계) 감리, 기계설비공사(배관 및 덕트 설치 등), 승강기 2층 출입구 공사를, ③ 전기공사는 전기간선설비공사, 전등설비공사, 전열설비공사, 냉난방설비관련공사를, 소방공사는 소방설비공사, 유도등설비공사, 스프링클러헤드 교체공사, 보온재 설치공사, 옥내소화전ㆍ알람밸브 교체공사, 전기 및 소방 감리를 각 그 내용으로 한 것으로서 이 사건 공사 전 이 사건 전세부분의 상태를 볼 때 노후화로 인하여 위 공사들이 필요한 상태였고 위 공사들로 인해 이 사건 전세부분의 객관적 가치가 증가하였다고 보아야 한다. 다만, 원고가 유익비 상환을 구하는 항목 중 기계설비공사",전세권자가 그 사용ㆍ수익을 위하여 현상을 변경하여 그 가치가 현저히 감소되었을 경우,미검수
법제처 OPEN API/prec,622353,2025나10686,유익비,https://www.law.go.kr/DRF/lawService.do?OC=test&target=prec&ID=622353&type=HTML,(조 번호 미표기),(판단 불명확),판단 불명확,,,," 상환청구 중 어느 쪽을 택할지 검토한 사정만으로는, 원고가 유익비상환청구권을 포기하고 원상회복의무를 이행하기로 하였다고 보기 어렵다. 나아가 피고들은, ""2014. 7.경 대구광역시 ◇◇◇ 팀장으로 근무하였던 소외 4가 ‘이 사건 상생협약에 따라 시설 현대화의 이익은 망인에게도 귀속되어야 한다’고 진술하는 등 유익비 상환청구권의 포기를 전제로 망인에게 이 사건 전세권계약의 체결을 유도하였다""는 취지로도 주장한다. 그러나 위와 같은 소외 4의 발언은 이 사건 상생협약에 관한 주관적 의견일 뿐만 아니라, 그 발언내용만으로는 원고가 유익비 상환청구권을 포기하였다고 단정하기도 어렵다. 한편 피고들은, ""민법 제316조 제1항에 의하여 원고에게 원상회복의무가 있다""고도 주장한다. 그러나 원고는 피고들에게 민법 제310조 제1항에 의하여 유익비 상환청구를 하고 있는 것이고, 앞에서 본 바와 같이 원고가 유익비 상환청구권을 포기하였음을 인정할 증거가 없는 이상, 유익비 부분에 관하여 원고에게 원상회복의무가 발생한다고 볼 수 없으므로, 이를 전제로 하는 피고들의 위 주장도 이유 없다. 다. 유익비 상환의 범위 1) 이 사건 전세부분의 객관적 가치 증가 가) 갑 제3 내지 5, 22, 23호증의 각 기재, 제1심법원의 ☆☆감정평가사사무소에 대한 유익비 감정촉탁 결과 및 변론 전체의 취지에 비추어 보면, 원고가 유익비 상환을 구하는 항목 중 ① 건축공사는 가설공사, 조적공사, 미장공사, 타일공사, 석공사, 도장공사, 창호공사, 유리공사, 수장공사(화장실칸막이 등), 금속공사(경량철골천정틀), 철거공사, 기타공사(콘크리트면 마무리 등)를, ② 기계공사는 위생기구 설치공사(화장실 보수), 배기배관공사(덕트, 송풍기), 오ㆍ배수배관공사, 기타건축(기계)공사는 건축(기계) 감리, 기계설비공사(배관 및 덕트 설치 등), 승강기 2층 출입구 공사를, ③ 전기공사는 전기간선설비공사, 전등설비공사, 전열설비공사, 냉난방설비관련공사를, 소방공사는 소방설비공사, 유도등설비공사, 스프링클러헤드 교체공사, 보온재 설치공사, 옥내소화전ㆍ알람밸브 교체공사, 전기 및 소방 감리를 각 그 내용으로 한 것으로서 이 사건 공사 전 이 사건 전세부분의 상태를 볼 때 노후화로 인하여 위 공사들이 필요한 상태였고 위 공사들로 인해 이 사건 전세부분의 객관적 가치가 증가하였다고 보아야 한다. 다만, 원고가 유익비 상환을 구하는 항목 중 기계설비공사에서 천정형전기온풍기 4대 부분 및 냉난방기 공사로서 삼성전자 제품의 냉난방기 천장형 20대 부분은 이 사건 전세부분과는 독립된 물건을 설치한 것으로서 원고가 이를 수거하여 가면 되는 것이고, 기타공사항목 즉 공사설계 및 석면조사에 소요된 비용은 원고가 이 사건 공사를 위해 용역을 제공받은 비용으로서 해당 용역의 성격에 비추어 이 사건 전세부분 자체의 가치를 객관적으로 증가시키는 것과는 무관하므로, 원고가 제출한 증거만으로는 이를 위하여 지출한 비용이 유익비, 즉 이 사건 전세부분의 객관적 가치를 증가시키기 위하여 투입한 비용이라고 보기에 부족하고, 달리 이를 인정할 증거가 없다. 나) 피고들 주장에 대한 판단 (1) 피고들은, ""이 사건 전세권계약 체결 이전에 소외 3 회사가 이 사건 전세부분의 개량에 필요한 공사를 완료하였으므로, 이 사건 공사로 인하여 이 사건 전세부분의 가치가 객관적으로 증가하지 않았다""는 취지로 주장한다. 을 제3, 4호증의 각 기재에 따르면 망인은 2013. 11. 1. 소외 3 회사와 이 사건 전세부분에 대한 임대차계약을 체결하고 소외 3 회사가 이 사건 전세부분의 시설물 인테리어(SIGN, 전산, LED, CCTV, 냉난방 기타 운영관리 필요한 부분)를 소외 3 회사의 비용으로 하기로 하였던 사실, 소외 3 회사가 2014. 9. 12. 망인에게 ‘2014. 9. 19.까지 이 사건 전세부분의 인테리어 공사를 재개하고 12. 18.까지 마무리하겠다’고 약정하였던 사실이 인정된다. ","취지로도 주장한다. 그러나 위와 같은 소외 4의 발언은 이 사건 상생협약에 관한 주관적 의견일 뿐만 아니라, 그 발언내용만으로는 원고가 유익비 상환청구권을 포기하였다고 단정하기도 어렵다. 한편 피고들은",미검수
법제처 OPEN API/prec,613245,2024도11353,업무상횡령·업무상배임·사립학교법위반,https://www.law.go.kr/DRF/lawService.do?OC=test&target=prec&ID=613245&type=HTML,(조 번호 미표기),(판단 불명확),판단 불명확,,,,"△학원의 이사이자 같은 학교법인이 설치ㆍ경영하는 ○○대학교 총장이었던 피고인은 2013. 6. 4.경 공소외 7 회사와 기간 2013. 8. 1.부터 2016. 7. 31.까지, 보증금 20,000,000원, 연간 장소사용료 15,000,000원으로 하여 공소외 7 회사가 ○○대학교의 구내서점을 임차 및 운영하기로 하는 구내서점 신규 설치 운영계약(이하 ‘이 사건 계약’이라 한다)을 체결하였다. (2) 공소외 7 회사는 이 사건 계약에 따른 장소사용료와 별도로 2013. 8. 16. 18,000,000원, 2014. 12. 15. 19,500,000원, 2015. 3. 4. 16,500,000원, 2015. 11. 10. 1,500,000원(이하 위 각 수입을 통틀어 ‘이 사건 각 수입’이라 한다)을 학교법인 △△학원에 기부금 명목으로 지급하였고, 피고인은 이 사건 각 수입을 학교법인 △△학원의 법인회계 계좌로 송금받았다. (3) 한편 학교법인 △△학원은 이 사건 각 수입 중 공소외 7 회사로부터 2013. 8. 16.에 지급받았던 18,000,000원은 2013. 8. 26. 공소외 7 회사에 환급하고, 나머지 수입 부분도 2015. 2. 2.부터 2016. 10. 18.까지 학교법인 △△학원의 교비회계로 전출조치 하였다. 다) 이러한 사실관계와 사정을 앞서 본 법리 및 법령에 비추어 살펴보면, 피고인이 공소외 7 회사 임대 관련 이 사건 각 수입을 교비회계가 아닌 법인회계로 편입하였다는 사정만으로 이 부분 업무상배임의 피해자로 특정된 학교법인 △△학원에 재산상의 손해를 가하였다거나 행위자인 피고인이나 제3자가 재산상 이익을 취득하였다고 보기 어렵다. 그 구체적 이유는 다음과 같다. (1) 이 사건 각 수입이 학교시설의 사용료 및 이용료 또는 학교가 학교교육에 사용할 목적으로 받은 기부금에 해당하여 교비회계에 편입되어야 할 성질의 것이었음은 인정된다. (2) 그러나 구 사립학교법이 법인회계와 교비회계를 엄격하게 구분하고 있는 사정만으로, 학교법인 △△학원이 각 회계별로 구분되는 별개의 독립한 권리의무의 주체로 당연히 분리된다고 보기 어렵다. 교비회계에 편입해야 할 수입을 법인회계로 편입한 경우, 교비회계의 측면에서 학교법인 △△학원에 재산상 손해가 발생한 것으로 평가할 수 있더라도, 동시에 이에 상응하는 법인회계 측면에서는 재산상 이익을 주었다고 평가할 수 있다. 결국 이 사건 각 수입이 법인회계로 편입되었다는 사정만으로는 학교법인 △△학원의 입장에서 전체적 재산가치의 감소를 가져오게 되어 총체적으로 보아 본인의 재산상태에 손해를 가하는 경우에 해당한다고 단정할 수 없다. (3) 한편 업무상배임죄는 본인에게 재산상의 손해를 가하는 외에 배임행위로 인하여 행위자 스스로 재산상의 이익을 취득하거나 제3자로 하여금 재산상의 이익을 취득하게 할 것을 요건으로 한다. 그런데 공소외 7 회사 임대 관련 수익금을 교비회계가 아닌 법인회계로 편입하였다는 것만으로 행위자인 피고인이나 학교법인 △△학원이 아닌 제3자가 어떠한 재산상 이익을 취득하였다고 보기는 어렵고, 이후의 환급조치나 교비회계 전출조치에 비추어 불법이득의사를 실현하는 행위로서의 배임행위가 있었다고 보기도 어렵다. 라) 그럼에도 원심은 판시와 같은 이유만으로 제2 공소사실을 유죄로 판단하였는바, 이러한 원심의 판단에는 업무상배임죄의 성립 등에 관한 법리를 오해함으로써 판결에 영향을 미친 잘못이 있다. 3. 파기 범위 이상의 이유로 원심판결 중 면소 부분(다만 ‘각종 소송비용 등 관련 업무상횡령 등’에 관한 면소 부분 제외)과 ‘구내서점 운영 임대료 관련 업무상배임’ 유죄 부분은 파기되어야 한다. 한편 원심은 ‘구내서점 운영 임대료 관련 업무상배임’ 부분과 나머지 유죄 부분이 포괄일죄 관계에 있다는 이유로 피고인에 대하여 하나의 형을 선고하였으므로, 결국 원심판결 중 위 면소 부분과 유죄 부분은 전부 파기되어야 한다. 4. 결론 그러므로 피고인의 나머지 상고이유에 대한 판단을 생략한 채 원심판결 중 ‘각종 소송","라 한다)을 체결하였다. (2) 공소외 7 회사는 이 사건 계약에 따른 장소사용료와 별도로 2013. 8. 16. 18,000,000원, 2014. 12. 15. 19,500,000원, 2015. 3. 4. 16,500,000원, 2015. 11. 10. 1,500,000원(이하 위 각 수입을 통틀어",미검수
법제처 OPEN API/prec,613169,2024다283668,공제금등청구의소,https://www.law.go.kr/DRF/lawService.do?OC=test&target=prec&ID=613169&type=HTML,(조 번호 미표기),(판단 불명확),판단 불명확,,,,"수 생략)을 임대차보증금 1억 1,000만 원, 임대차기간 2020. 4. 26.부터 2022. 4. 26.까지로 정하여 임차하는 이 사건 임대차계약을 체결하였다. 원고는 2020. 4. 9. 확정일자를 받았고, 2020. 4. 26. 소외인에게 이 사건 임대차보증금 1억 1,000만 원을 지급하였으며, 2020. 4. 27. 전입신고를 마쳤다. 나. 이 사건 임대차계약 당시 이 사건 다가구주택에는 채권최고액 7억 1,500만 원인 근저당권이 설정되어 있었고, 나머지 호실에 대하여 선순위 임대차보증금채권 합계 7억 4,000만 원이 있었다. 다. 이 사건 임대차계약 중개 당시 참가인이 원고에게 교부한 중개대상물 확인ㆍ설명서 중 ‘권리관계’란에는 근저당권에 관한 사항이 기재되어 있고, ‘실제 권리관계 또는 공시되지 않은 물건의 권리 사항’란에는 ""임대인의 자료 제출 불응으로 선순위 다수 있음을 구두로 설명함""이라고 기재되어 있으며, 우측에 원고가 수기로 ""구두로 설명 들음""이라고 기재하였다. 라. 이 사건 다가구주택 등에 대하여 2021. 6. 2. 경매절차가 개시되었는데 이 사건 다가구주택의 감정평가액은 1,305,705,600원이었고, 2022. 12. 21. 실시된 배당절차에서 선순위 채권자들이 우선 배당받은 결과 원고는 전혀 배당받지 못하였다. 3. 위와 같은 사실관계를 앞서 본 법리에 비추어 살펴본다. 참가인이 중개대상물 확인ㆍ설명서에 기재한 내용은 ""임대인의 자료 제출 불응으로 선순위 다수 있음을 원고에게 구두로 설명하였다.""라는 내용이 전부이고, 이 사건 다가구주택 임차인들의 임대차보증금이 얼마인지, 그중 소액보증금이 얼마인지 전혀 알 수 없게 되어 있다. 개업공인중개사로서는 설령 임대인이 관련 자료제공을 거부하여 실상을 정확히 알기 어려웠더라도 이 사건 다가구주택의 규모와 전체 세대수, 인근 유사 부동산의 임대차보증금 시세 등을 확인하여 이 사건 다가구주택에 선순위 임대차보증금채권이 얼마나 있을 수 있는지 정도는 충분히 알 수 있었다. 그런데도 참가인은 중개대상물 확인ㆍ설명서에 위와 같이 기재하였을 뿐 선순위 임대차보증금채권이 얼마나 있을 수 있는지 조사ㆍ확인하여 원고에게 설명하지 않았다. 따라서 참가인이 개업공인중개사로서 준수하여야 할 선량한 관리자의 주의의무를 다하였다고 볼 수 없고, 원고로서는 이미 다른 호실에 상당한 금액의 선순위 임대차보증금채권이 존재할 수 있다는 사정을 알았다면 이 사건 다가구주택을 임차하지 않았거나 적어도 같은 조건으로는 계약을 체결하지 않았을 가능성이 높다. 그런데도 원심은 판시와 같은 이유만으로 참가인이 이 사건 임대차계약을 중개함에 있어 어떠한 과실이 있었다거나 참가인의 중개행위와 원고의 손해 사이에 인과관계가 있다고 인정할 수 없다고 보아 참가인의 공제사업자인 피고를 상대로 손해배상을 구하는 원고의 청구를 배척하였다. 이러한 원심판단에는 개업공인중개사의 주의의무와 상당인과관계에 관한 법리를 오해하여 필요한 심리를 다하지 않음으로써 판결에 영향을 미친 잘못이 있다. 이를 지적하는 상고이유 주장은 이유 있다. 4. 원심판결을 파기하고, 사건을 다시 심리ㆍ판단하도록 원심법원에 환송하기로 하여, 관여 대법관의 일치된 의견으로 주문과 같이 판결한다. 대법관 엄상필(재판장) 오경미(주심) 권영준 박영재 ]]>","당시 이 사건 다가구주택에는 채권최고액 7억 1,500만 원인 근저당권이 설정되어 있었고, 나머지 호실에 대하여 선순위 임대차보증금채권 합계 7억 4,000만 원이 있었다. 다. 이 사건 임대차계약 중개 당시 참가인이 원고에게 교부한 중개대상물 확인ㆍ설명서 중 ‘권리관계’란에는 근저당권에 관한 사항이 기재되어 있고, ‘실제 권리관계 또는 공시되지 않은 물건의 권리 사항’란에는 ""임대인의 자료 제출 불응으로 선순위 다수 있음을 구두로 설명함""이",미검수
법제처 OPEN API/prec,622055,2024다292525,매매대금등,https://www.law.go.kr/DRF/lawService.do?OC=test&target=prec&ID=622055&type=HTML,(조 번호 미표기),(판단 불명확),판단 불명확,,,,"고, 사건을 대구고등법원에 환송한다. 【이 유】 상고이유를 판단한다. 1. 원심판결 이유와 기록에 의하면 다음 사실을 알 수 있다. 가. 원고는 대구 동구 소재 아파트 (동호수 생략)(이하 ‘이 사건 부동산’이라 한다)의 소유자로서, 2018. 12. 28. 한국감정원과 이 사건 부동산에 관하여 임대차보증금 240,000,000원의 임대차계약(이하 ‘이 사건 임대차계약’이라 한다)을 체결하였다. 나. 원고는 공인중개사인 피고의 중개로 2019. 7. 5. 주식회사 ○○홀딩스(이하 ‘소외 1 회사’라 한다)와 이 사건 부동산에 관하여 매매대금 276,000,000원의 매매계약(이하 ‘이 사건 매매계약’이라 한다)을 체결하였는데, 그 특약사항 제3항(이하 ‘이 사건 특약사항’이라 한다)에 ‘소외 1 회사는 이 사건 임대차계약을 승계하기로 한다. 임대차보증금은 240,000,000원이다.’고 기재되어 있다. 다. 원고는 위 매매계약에 따라 소외 1 회사로부터 매매대금에서 임대차보증금을 공제한 나머지 36,000,000원을 지급받고 2019. 7. 15. 소외 1 회사에 이 사건 부동산에 관한 소유권이전등기를 마쳐주었다. 라. 소외 1 회사는 한국감정원에 대한 임대차보증금 반환채무 인수 조치를 취하지 않은 채 이 사건 부동산에 관하여 2019. 8. 21. 소외 2에게 매매를 원인으로 한 소유권이전등기를 마쳐주었고, 이후 이 사건 부동산에 관한 임의경매절차가 진행되어 2021. 5. 12. 소외 3이 이 사건 부동산의 소유권을 취득하였다. 마. 한국감정원은 원고로부터 임대차보증금을 반환받지 못하자 2020. 2. 20. 전세금보장신용보험의 보험자인 서울보증보험 주식회사(이하 ‘서울보증보험’이라 한다)에 보험금을 청구하였다. 이에 서울보증보험은 한국감정원에 보험금을 지급한 후 원고를 상대로 구상금 청구의 소를 제기하였고, 이 소송에서 2021. 2. 4. ‘원고는 서울보증보험에 240,000,000원과 이에 대한 지연손해금을 지급하라.’는 내용의 판결이 선고되었으며, 이에 대한 원고의 항소와 상고가 모두 기각됨으로써 2022. 3. 16. 위 판결이 확정되었다. 2. 원심은 다음과 같은 이유로, 피고는 공인중개사법 제30조 제1항에 따라 원고가 입은 손해를 배상할 책임이 있다고 판단하였다. 가. 피고는 이 사건 임대차계약의 임차인인 한국감정원의 동의가 없을 경우 소외 1 회사가 원고의 한국감정원에 대한 임대차보증금 반환채무를 면책적으로 인수할 수 없다는 것을 알 수 있었음에도 이러한 위험 요인과 그 대비책 등에 관한 정확한 설명 없이 이 사건 매매계약을 중개함으로써 공인중개사법에서 정한 공인중개사로서의 주의의무를 위반하였다. 나. 피고는 원고에게 소외 1 회사로의 임대인 지위 변경이 완료된 후 소유권을 이전하도록 주의를 촉구할 의무가 있었음에도 이를 이행하지 않았다. 3. 그러나 원심의 판단은 다음과 같은 이유에서 수긍하기 어렵다. 가. 공인중개사법 제2조 제1호, 제3호의 규정에 의하면 부동산중개업의 대상이 되는 중개행위는 중개대상물에 대하여 거래당사자간의 매매ㆍ교환ㆍ임대차 그 밖에 권리의 득실변경에 관한 행위를 알선하는 것으로서, 당사자 사이에 매매 등 법률행위가 용이하게 성립할 수 있도록 조력하고 주선하는 사실행위에 불과하고, 변호사법 제3조에서 규정한 법률사무와는 구별된다. 그런데 부동산 매수인이 매매목적물에 관한 임대차보증금 반환채무 등을 인수하는 한편 그 채무액을 매매대금에서 공제하기로 약정한 경우, 당사자의 의사, 임차인이 주택임대차보호법상의 대항력을 갖추었는지 여부, 임차인의 명시적 또는 묵시적 동의 여부 등에 따라 채무인수의 법적 성격이 면책적 채무인수, 이행인수 또는 병존적 채무인수로 달라질 수 있으므로, 각 채무인수의 요건에 관한 분석 등을 통하여 채무인수의 법적",라 한다)을 체결하였다. 나. 원고는 공인중개사인 피고의 중개로 2019. 7. 5. 주식회사 ○○홀딩스(이하,미검수
법제처 OPEN API/prec,622055,2024다292525,매매대금등,https://www.law.go.kr/DRF/lawService.do?OC=test&target=prec&ID=622055&type=HTML,(조 번호 미표기),(판단 불명확),판단 불명확,,,," 2018. 12. 28. 한국감정원과 이 사건 부동산에 관하여 임대차보증금 240,000,000원의 임대차계약(이하 ‘이 사건 임대차계약’이라 한다)을 체결하였다. 나. 원고는 공인중개사인 피고의 중개로 2019. 7. 5. 주식회사 ○○홀딩스(이하 ‘소외 1 회사’라 한다)와 이 사건 부동산에 관하여 매매대금 276,000,000원의 매매계약(이하 ‘이 사건 매매계약’이라 한다)을 체결하였는데, 그 특약사항 제3항(이하 ‘이 사건 특약사항’이라 한다)에 ‘소외 1 회사는 이 사건 임대차계약을 승계하기로 한다. 임대차보증금은 240,000,000원이다.’고 기재되어 있다. 다. 원고는 위 매매계약에 따라 소외 1 회사로부터 매매대금에서 임대차보증금을 공제한 나머지 36,000,000원을 지급받고 2019. 7. 15. 소외 1 회사에 이 사건 부동산에 관한 소유권이전등기를 마쳐주었다. 라. 소외 1 회사는 한국감정원에 대한 임대차보증금 반환채무 인수 조치를 취하지 않은 채 이 사건 부동산에 관하여 2019. 8. 21. 소외 2에게 매매를 원인으로 한 소유권이전등기를 마쳐주었고, 이후 이 사건 부동산에 관한 임의경매절차가 진행되어 2021. 5. 12. 소외 3이 이 사건 부동산의 소유권을 취득하였다. 마. 한국감정원은 원고로부터 임대차보증금을 반환받지 못하자 2020. 2. 20. 전세금보장신용보험의 보험자인 서울보증보험 주식회사(이하 ‘서울보증보험’이라 한다)에 보험금을 청구하였다. 이에 서울보증보험은 한국감정원에 보험금을 지급한 후 원고를 상대로 구상금 청구의 소를 제기하였고, 이 소송에서 2021. 2. 4. ‘원고는 서울보증보험에 240,000,000원과 이에 대한 지연손해금을 지급하라.’는 내용의 판결이 선고되었으며, 이에 대한 원고의 항소와 상고가 모두 기각됨으로써 2022. 3. 16. 위 판결이 확정되었다. 2. 원심은 다음과 같은 이유로, 피고는 공인중개사법 제30조 제1항에 따라 원고가 입은 손해를 배상할 책임이 있다고 판단하였다. 가. 피고는 이 사건 임대차계약의 임차인인 한국감정원의 동의가 없을 경우 소외 1 회사가 원고의 한국감정원에 대한 임대차보증금 반환채무를 면책적으로 인수할 수 없다는 것을 알 수 있었음에도 이러한 위험 요인과 그 대비책 등에 관한 정확한 설명 없이 이 사건 매매계약을 중개함으로써 공인중개사법에서 정한 공인중개사로서의 주의의무를 위반하였다. 나. 피고는 원고에게 소외 1 회사로의 임대인 지위 변경이 완료된 후 소유권을 이전하도록 주의를 촉구할 의무가 있었음에도 이를 이행하지 않았다. 3. 그러나 원심의 판단은 다음과 같은 이유에서 수긍하기 어렵다. 가. 공인중개사법 제2조 제1호, 제3호의 규정에 의하면 부동산중개업의 대상이 되는 중개행위는 중개대상물에 대하여 거래당사자간의 매매ㆍ교환ㆍ임대차 그 밖에 권리의 득실변경에 관한 행위를 알선하는 것으로서, 당사자 사이에 매매 등 법률행위가 용이하게 성립할 수 있도록 조력하고 주선하는 사실행위에 불과하고, 변호사법 제3조에서 규정한 법률사무와는 구별된다. 그런데 부동산 매수인이 매매목적물에 관한 임대차보증금 반환채무 등을 인수하는 한편 그 채무액을 매매대금에서 공제하기로 약정한 경우, 당사자의 의사, 임차인이 주택임대차보호법상의 대항력을 갖추었는지 여부, 임차인의 명시적 또는 묵시적 동의 여부 등에 따라 채무인수의 법적 성격이 면책적 채무인수, 이행인수 또는 병존적 채무인수로 달라질 수 있으므로, 각 채무인수의 요건에 관한 분석 등을 통하여 채무인수의 법적 성격을 가리는 행위는 단순한 사실행위가 아닌 법률사무에 해당한다고 보아야 한다. 따라서 공인중개사가 부동산을 중개하는 과정에서 채무인수의 법적 성격까지 조사ㆍ확인하여 설명할 ","라 한다)을 체결하였는데, 그 특약사항 제3항(이하",미검수
법제처 OPEN API/prec,622055,2024다292525,매매대금등,https://www.law.go.kr/DRF/lawService.do?OC=test&target=prec&ID=622055&type=HTML,(조 번호 미표기),(판단 불명확),판단 불명확,,,,"금 240,000,000원의 임대차계약(이하 ‘이 사건 임대차계약’이라 한다)을 체결하였다. 나. 원고는 공인중개사인 피고의 중개로 2019. 7. 5. 주식회사 ○○홀딩스(이하 ‘소외 1 회사’라 한다)와 이 사건 부동산에 관하여 매매대금 276,000,000원의 매매계약(이하 ‘이 사건 매매계약’이라 한다)을 체결하였는데, 그 특약사항 제3항(이하 ‘이 사건 특약사항’이라 한다)에 ‘소외 1 회사는 이 사건 임대차계약을 승계하기로 한다. 임대차보증금은 240,000,000원이다.’고 기재되어 있다. 다. 원고는 위 매매계약에 따라 소외 1 회사로부터 매매대금에서 임대차보증금을 공제한 나머지 36,000,000원을 지급받고 2019. 7. 15. 소외 1 회사에 이 사건 부동산에 관한 소유권이전등기를 마쳐주었다. 라. 소외 1 회사는 한국감정원에 대한 임대차보증금 반환채무 인수 조치를 취하지 않은 채 이 사건 부동산에 관하여 2019. 8. 21. 소외 2에게 매매를 원인으로 한 소유권이전등기를 마쳐주었고, 이후 이 사건 부동산에 관한 임의경매절차가 진행되어 2021. 5. 12. 소외 3이 이 사건 부동산의 소유권을 취득하였다. 마. 한국감정원은 원고로부터 임대차보증금을 반환받지 못하자 2020. 2. 20. 전세금보장신용보험의 보험자인 서울보증보험 주식회사(이하 ‘서울보증보험’이라 한다)에 보험금을 청구하였다. 이에 서울보증보험은 한국감정원에 보험금을 지급한 후 원고를 상대로 구상금 청구의 소를 제기하였고, 이 소송에서 2021. 2. 4. ‘원고는 서울보증보험에 240,000,000원과 이에 대한 지연손해금을 지급하라.’는 내용의 판결이 선고되었으며, 이에 대한 원고의 항소와 상고가 모두 기각됨으로써 2022. 3. 16. 위 판결이 확정되었다. 2. 원심은 다음과 같은 이유로, 피고는 공인중개사법 제30조 제1항에 따라 원고가 입은 손해를 배상할 책임이 있다고 판단하였다. 가. 피고는 이 사건 임대차계약의 임차인인 한국감정원의 동의가 없을 경우 소외 1 회사가 원고의 한국감정원에 대한 임대차보증금 반환채무를 면책적으로 인수할 수 없다는 것을 알 수 있었음에도 이러한 위험 요인과 그 대비책 등에 관한 정확한 설명 없이 이 사건 매매계약을 중개함으로써 공인중개사법에서 정한 공인중개사로서의 주의의무를 위반하였다. 나. 피고는 원고에게 소외 1 회사로의 임대인 지위 변경이 완료된 후 소유권을 이전하도록 주의를 촉구할 의무가 있었음에도 이를 이행하지 않았다. 3. 그러나 원심의 판단은 다음과 같은 이유에서 수긍하기 어렵다. 가. 공인중개사법 제2조 제1호, 제3호의 규정에 의하면 부동산중개업의 대상이 되는 중개행위는 중개대상물에 대하여 거래당사자간의 매매ㆍ교환ㆍ임대차 그 밖에 권리의 득실변경에 관한 행위를 알선하는 것으로서, 당사자 사이에 매매 등 법률행위가 용이하게 성립할 수 있도록 조력하고 주선하는 사실행위에 불과하고, 변호사법 제3조에서 규정한 법률사무와는 구별된다. 그런데 부동산 매수인이 매매목적물에 관한 임대차보증금 반환채무 등을 인수하는 한편 그 채무액을 매매대금에서 공제하기로 약정한 경우, 당사자의 의사, 임차인이 주택임대차보호법상의 대항력을 갖추었는지 여부, 임차인의 명시적 또는 묵시적 동의 여부 등에 따라 채무인수의 법적 성격이 면책적 채무인수, 이행인수 또는 병존적 채무인수로 달라질 수 있으므로, 각 채무인수의 요건에 관한 분석 등을 통하여 채무인수의 법적 성격을 가리는 행위는 단순한 사실행위가 아닌 법률사무에 해당한다고 보아야 한다. 따라서 공인중개사가 부동산을 중개하는 과정에서 채무인수의 법적 성격까지 조사ㆍ확인하여 설명할 의무가 있다고 보기 어려우므로, 중개 과정에서 그릇된 정보를 전달하였다는 등의 특별한 사정이 없는 한, 채무인수의 법적 성격을 조사ㆍ","라 한다)에 ‘소외 1 회사는 이 사건 임대차계약을 승계하기로 한다. 임대차보증금은 240,000,000원이다",미검수
법제처 OPEN API/prec,622009,2024다225976,소유권이전등기,https://www.law.go.kr/DRF/lawService.do?OC=test&target=prec&ID=622009&type=HTML,(조 번호 미표기),(판단 불명확),판단 불명확,,,,"택기금의 지원을 받아 순천시 (이하 생략) 일대에 공공건설임대주택인 ○○○ 아파트(이하 ‘이 사건 아파트’라 한다)를 건설하고, 2012. 12. 13. 입주자모집공고(이하 ‘이 사건 입주자모집공고’라 한다)를 하였다. 나. 원고들은 2013. 3.경부터 2015. 6.경 사이에 소외 회사와 이 사건 아파트 중 각 1개 호실에 관하여 임대차계약(이하 ‘이 사건 임대차계약’이라 한다)을 체결하였다. 다. 피고는 2020. 6.경 소외 회사로부터 이 사건 아파트를 매수하고 임대사업자의 지위를 승계하였다. 라. 피고는 2020. 10. 7.경 원고들을 포함한 이 사건 아파트의 임차인들에게 우선 분양전환 신청서 및 분양전환 자격심사를 위해 필요한 서류를 제출할 것을 공고하였고, 원고들은 위 공고에 따라 피고에게 우선 분양전환 신청서 등을 제출하였다. 마. 피고는 2020. 12. 18. 순천시장으로부터 이 사건 아파트에 관하여 분양전환승인을 받았는데, 원고들이 우선 분양전환 요건을 갖추지 못하였다고 판단하여 원고들과 분양전환 계약을 체결하지 않았다. 2. 원고 1, 원고 2, 원고 3, 원고 4, 원고 5, 원고 6, 원고 8, 원고 9(이하 ‘원고 1 등’이라 한다)의 상고이유에 관하여(소유권이전등기청구 부분) 가. 원심의 판단 원고 1 등은 ‘선착순의 방법으로’ 입주자로 선정된 임차인으로서 2020. 12. 22. 법률 제17734호로 개정된「공공주택 특별법」(이하 ‘공공주택 특별법’이라 한다) 제50조의3 제1항 제1호 (라)목에서 정한 우선 분양전환 요건을 갖추었고 피고와 사이에 분양전환의 합의가 이루어졌다고 주장하며 피고를 상대로 해당 임대주택에 관한 소유권이전등기절차의 이행을 구하였다. 이에 대하여 원심은 다음과 같은 이유로 원고 1 등과 피고 사이에 분양전환 계약의 성립을 위한 의사의 합치가 이루어졌다고 보기 어려우므로 원고 1 등이 우선 분양전환 요건을 갖추었는지 여부와 관계없이 원고 1 등의 소유권이전등기청구를 받아들일 수 없다고 판단하였다. 1) 피고가 2020. 10. 7.경 원고 1 등을 비롯한 임차인들에게 발송한 우선 분양신청 안내문에는 분양전환 계약의 본질적이고 구체적인 사항에 대한 내용은 전혀 포함되어 있지 않다. 피고가 위 우선 분양신청 안내를 통해 원고 1 등에게 해당 임대주택에 관한 분양전환 계약의 체결을 청약하였다고 볼 수 없다. 2) 피고는 순천시장으로부터 분양전환승인을 받은 후 원고 1 등에게 우선 분양에서 제외되었다는 취지의 부적격 통지를 하였고, 달리 피고가 원고 1 등에게 분양전환 계약의 체결에 관한 청약을 하였다고 볼 아무런 사정이 없다. 설령 원고 1 등의 이 사건 소 제기를 분양전환 계약의 체결에 관한 청약으로 보더라도, 피고는 이 사건 소송에서 원고 1 등의 우선 분양전환 자격을 부인하고 있다. 나. 대법원의 판단 1) 그러나 원심의 위와 같은 판단은 다음과 같은 이유에서 수긍하기 어렵다. 가) 계약이 성립하기 위해서는 당사자 사이에 계약의 내용에 관한 의사의 합치가 있어야 한다. 이러한 의사의 합치는 계약의 내용을 이루는 모든 사항에 관하여 있어야 하는 것은 아니고, 그 본질적 사항이나 중요 사항에 관하여 구체적으로 의사가 합치되거나 적어도 장래 구체적으로 특정할 수 있는 기준과 방법 등에 관한 합의가 있으면 충분하다(대법원 2001. 3. 23. 선고 2000다51650 판결, 대법원 2017. 5. 30. 선고 2015다34437 판결 등 참조). 그리고 계약이 성립하기 위한 법률요건인 청약은 그에 응하는 승낙만 있으면 곧 계약이 성립하는 구체적, 확정적 의사표시여야 하므로, 청약은 계약의 내용을 결정할 수 있을 정도의 사항을 포함시키는 것이 필요하다(대법원 2003. 4. 11. 선고 2001다53059 판결, 대법원 2017. 10. 26. 선고 2017다242867 판결 등 참조). 나) 원심판결 이유를 위 법리와 적법하게 채택된 증거에 비추어 살펴보면, 피고는 2020. 10. 7.경 이 사건 아파트의 임차인들에게 우선 분양신청 등을 안내함으로써 우선 분양전환","라 한다)을 체결하였다. 다. 피고는 2020. 6.경 소외 회사로부터 이 사건 아파트를 매수하고 임대사업자의 지위를 승계하였다. 라. 피고는 2020. 10. 7.경 원고들을 포함한 이 사건 아파트의 임차인들에게 우선 분양전환 신청서 및 분양전환 자격심사를 위해 필요한 서류를 제출할 것을 공고하였고, 원고들은 위 공고에 따라 피고에게 우선 분양전환 신청서 등을 제출하였다. 마. 피고는 2020. 12. 18. 순천시장으로부터 이 사건 아파트에 관하여 분양전환승인을 받았는데, 원고들이 우선 분양전환 요건을 갖추지 못하였다고 판단하여 원고들과 분양전환 계약을 체결하지 않았다. 2. 원고 1, 원고 2, 원고 3, 원고 4, 원고 5, 원고 6, 원고 8, 원고 9(이하",미검수
법제처 OPEN API/prec,622009,2024다225976,소유권이전등기,https://www.law.go.kr/DRF/lawService.do?OC=test&target=prec&ID=622009&type=HTML,(조 번호 미표기),(판단 불명확),판단 불명확,,,,"270호 「민간임대주택에 관한 특별법 시행규칙」 으로 전부 개정되기 전의 것, 이하 같다) 별표1 등 임대주택법 관련 규정에 따라 산정하는 것으로, ‘분양전환 대상자’를 구 임대주택법(2015. 8. 28. 법률 제13499호로 「민간임대주택에 관한 특별법」 으로 전부 개정되기 전의 것, 이하 같다) 제21조 제1항에 해당하는 임차인으로 각 정하고 있다. 이 사건 임대차계약도 ‘임대주택의 매각시기’를 최초 입주 지정기간 종료 후(5년)로, ‘매각가격 산정기준’을 이 사건 입주자모집공고에서 정한 바에 따르는 것으로, ‘분양전환가격의 기초가 되는 가격’을 226,178,415원 등으로 하되 분양전환 당시의 시세에 따라 변경되는 것으로 각 정하고 있다. 한편 구 임대주택법 시행규칙 제14조, 제9조 제1항은 공공건설임대주택의 분양전환가격 산정기준을 구체적으로 규정하고 있다. (2) 결국 피고가 2020. 10. 7.경 이 사건 아파트의 임차인들에게 우선 분양신청을 안내할 당시 분양전환시기, 분양전환가격, 분양전환의 목적물, 분양전환 계약의 당사자가 확정되어 있거나 장래 이를 확정할 수 있는 구체적인 기준과 방법 등에 관하여 합의가 이루어진 상태였으므로, 분양전환 계약과 관련하여 임대사업자인 피고와 임차인들 사이에 별도로 합의해야 할 사항은 남아있지 않았다. (3) 원고 1 등이 우선 분양전환 요건을 갖추었는지 여부는 공공주택 특별법 제50조의3 등 관련 법령에 따라 결정되므로, 피고가 원고 1 등에게 우선 분양전환 요건을 갖추지 못하였다는 취지의 부적격 통지를 하였다고 하여 앞서 본 청약의 효력에 어떠한 영향을 미친다고 보기 어렵다. 다) 따라서 원고 1 등이 공공주택 특별법 제50조의3 제1항 제1호가 정한 우선 분양전환의 요건을 갖추었다면, 원고 1 등이 피고의 우선 분양신청 안내에 응하여 피고에게 우선 분양전환을 신청하고 분양전환에 필요한 서류를 제출함으로써, 또는 분양전환을 원인으로 해당 임대주택에 관한 소유권이전등기절차의 이행을 구하는 취지의 이 사건 소장 부본이 피고에게 송달됨으로써 원고 1 등과 피고 사이에 해당 임대주택에 관하여 분양전환의 합의가 이루어졌다고 볼 개연성이 크다. 라) 그런데도 원심은 이와 달리 피고가 2010. 10. 7.경 이 사건 아파트의 임차인들에게 발송한 우선 분양신청 안내문의 문언에만 주목하여 원고 1 등이 공공주택 특별법 제50조의3 제1항 제1호가 정한 우선 분양전환의 요건을 갖추었는지 여부와 관계없이 원고 1 등과 피고 사이에 분양전환 계약의 성립을 위한 의사의 합치가 이루어졌다고 보기 어렵다고 판단하였다. 2) 나아가 원심은 원고 1 등이 공공주택 특별법 제50조의3 제1항 제1호 (라)목의 ‘선착순의 방법으로 해당 임대주택의 입주자로 선정된 자’에 해당한다고 보면서, 그 판시와 같은 이유로 이 사건 아파트의 경우 우선 분양전환 요건으로서 공공주택 특별법 제50조의3 제1항 제1호 (라)목이 정한 ‘해당 임대주택 입주 시 자격요건 중 주택소유기준’의 의미는 임차인이 속한 세대의 세대주를 포함한 세대원 전원이 주택을 소유하고 있지 않는 것을 뜻한다고 판단하였다. 그러나 주택소유기준에 관한 원심의 위와 같은 판단 역시 다음과 같은 이유에서 수긍하기 어렵다. 가) 공공주택 특별법 제50조의3 제1항 제1호는 공공주택사업자가 임대의무기간이 지난 후 공공건설임대주택을 분양전환하는 경우 분양전환 시점에 임대주택에 거주하는 임차인으로서 각 목의 우선 분양전환 자격을 갖춘 사람에게 우선 분양전환하여야 한다고 규정하면서, 같은 호 (라)목에서 ""선착순의 방법으로 해당 임대주택의 입주자로 선정된 자로서 입주일부터 분양전환할 때까지 계속하여 거주하면서 분양전환하는 시점에 해당 임대주택 입주 시 자격요건 중 주",임대주택의 매각시기’를 최초 입주 지정기간 종료 후(5년)로,미검수
법제처 OPEN API/prec,622065,2024다225242,소유권이전등기,https://www.law.go.kr/DRF/lawService.do?OC=test&target=prec&ID=622065&type=HTML,(조 번호 미표기),(판단 불명확),판단 불명확,,,,"택기금의 지원을 받아 순천시 (이하 생략) 일대에 공공건설임대주택인 ○○○ 아파트(이하 ‘이 사건 아파트’라 한다)를 건설하고, 2012. 12. 13. 입주자모집공고(이하 ‘이 사건 입주자모집공고’라 한다)를 하였다. 나. 원고들은 2013. 1.경부터 2019. 8.경 사이에 소외 회사와 이 사건 아파트 중 각 1개 호실에 관하여 임대차계약(이하 ‘이 사건 임대차계약’이라 한다)을 체결하였다. 다. 피고는 2020. 6.경 소외 회사로부터 이 사건 아파트를 매수하고 임대사업자의 지위를 승계하였다. 라. 피고는 2020. 10. 7.경 원고들을 포함한 이 사건 아파트의 임차인들에게 우선 분양전환 신청서 및 분양전환 자격심사를 위해 필요한 서류를 제출할 것을 공고하였고, 원고들은 위 공고에 따라 피고에게 우선 분양전환 신청서 등을 제출하였다. 마. 피고는 2020. 12. 18. 순천시장으로부터 이 사건 아파트에 관하여 분양전환승인을 받았는데, 원고들이 우선 분양전환 요건을 갖추지 못하였다고 판단하여 원고들과 분양전환 계약을 체결하지 않았다. 2. 원고 1, 원고 2, 원고 3, 원고 5, 원고 6, 원고 7, 원고 10, 원고 11(이하 ‘원고 1 등’이라 한다)의 상고이유에 관하여(소유권이전등기청구 부분) 가. 원심의 판단 원고 1 등은 ‘선착순의 방법으로’ 입주자로 선정된 임차인으로서 2020. 12. 22. 법률 제17734호로 개정된「공공주택 특별법」(이하 ‘공공주택특별법’이라 한다) 제50조의3 제1항 제1호 (라)목에서 정한 우선 분양전환 요건을 갖추었고 피고와 사이에 분양전환의 합의가 이루어졌다고 주장하며 피고를 상대로 해당 임대주택에 관한 소유권이전등기절차의 이행을 구하였다. 이에 대하여 원심은 다음과 같은 이유로 원고 1 등과 피고 사이에 분양전환 계약의 성립을 위한 의사의 합치가 이루어졌다고 보기 어려우므로 원고 1 등이 우선 분양전환 요건을 갖추었는지 여부와 관계없이 원고 1 등의 소유권이전등기청구를 받아들일 수 없다고 판단하였다. 1) 피고가 2020. 10. 7.경 원고 1 등을 비롯한 임차인들에게 발송한 우선 분양신청 안내문에는 분양전환 계약의 본질적이고 구체적인 사항에 대한 내용은 전혀 포함되어 있지 않다. 피고가 위 우선 분양신청 안내를 통해 원고 1 등에게 해당 임대주택에 관한 분양전환 계약의 체결을 청약하였다고 볼 수 없다. 2) 피고는 순천시장으로부터 분양전환승인을 받은 후 원고 1 등에게 우선 분양에서 제외되었다는 취지의 부적격 통지를 하였고, 달리 피고가 원고 1 등에게 분양전환 계약의 체결에 관한 청약을 하였다고 볼 아무런 사정이 없다. 설령 원고 1 등의 이 사건 소 제기를 분양전환 계약의 체결에 관한 청약으로 보더라도, 피고는 이 사건 소송에서 원고 1 등의 우선 분양전환 자격을 부인하고 있다. 나. 대법원의 판단 그러나 원심의 위와 같은 판단은 다음과 같은 이유에서 수긍하기 어렵다. 1) 계약이 성립하기 위해서는 당사자 사이에 계약의 내용에 관한 의사의 합치가 있어야 한다. 이러한 의사의 합치는 계약의 내용을 이루는 모든 사항에 관하여 있어야 하는 것은 아니고, 그 본질적 사항이나 중요 사항에 관하여 구체적으로 의사가 합치되거나 적어도 장래 구체적으로 특정할 수 있는 기준과 방법 등에 관한 합의가 있으면 충분하다(대법원 2001. 3. 23. 선고 2000다51650 판결, 대법원 2017. 5. 30. 선고 2015다34437 판결 등 참조). 그리고 계약이 성립하기 위한 법률요건인 청약은 그에 응하는 승낙만 있으면 곧 계약이 성립하는 구체적, 확정적 의사표시여야 하므로, 청약은 계약의 내용을 결정할 수 있을 정도의 사항을 포함시키는 것이 필요하다(대법원 2003. 4. 11. 선고 2001다53059 판결, 대법원 2017. 10. 26. 선고 2017다242867 판결 등 참조). 2) 원심판결 이유를 위 법리와 적법하게 채택된 증거에 비추어 살펴보면, 피고는 2020. 10. 7.경 이 사건 아파트의 임차인들에게 우선 분양신청 등을 안내함으로써 우선 분양전환 요","라 한다)을 체결하였다. 다. 피고는 2020. 6.경 소외 회사로부터 이 사건 아파트를 매수하고 임대사업자의 지위를 승계하였다. 라. 피고는 2020. 10. 7.경 원고들을 포함한 이 사건 아파트의 임차인들에게 우선 분양전환 신청서 및 분양전환 자격심사를 위해 필요한 서류를 제출할 것을 공고하였고, 원고들은 위 공고에 따라 피고에게 우선 분양전환 신청서 등을 제출하였다. 마. 피고는 2020. 12. 18. 순천시장으로부터 이 사건 아파트에 관하여 분양전환승인을 받았는데, 원고들이 우선 분양전환 요건을 갖추지 못하였다고 판단하여 원고들과 분양전환 계약을 체결하지 않았다. 2. 원고 1, 원고 2, 원고 3, 원고 5, 원고 6, 원고 7, 원고 10, 원고 11(이하",미검수
법제처 OPEN API/prec,622065,2024다225242,소유권이전등기,https://www.law.go.kr/DRF/lawService.do?OC=test&target=prec&ID=622065&type=HTML,(조 번호 미표기),(판단 불명확),판단 불명확,,,,"토교통부령 제270호 「민간임대주택에 관한 특별법 시행규칙」 으로 전부 개정되기 전의 것, 이하 같다) 별표1 등 임대주택법 관련 규정에 따라 산정하는 것으로, ‘분양전환 대상자’를 구 임대주택법(2015. 8. 28. 법률 제13499호로 「민간임대주택에 관한 특별법」 으로 전부 개정되기 전의 것) 제21조 제1항에 해당하는 임차인으로 각 정하고 있다. 이 사건 임대차계약도 ‘임대주택의 매각시기’를 최초 입주 지정기간 종료 후(5년)로, ‘매각가격 산정기준’을 이 사건 입주자모집공고에서 정한 바에 따르는 것으로, ‘분양전환가격의 기초가 되는 가격’을 226,178,415원 등으로 하되 분양전환 당시의 시세에 따라 변경되는 것으로 각 정하고 있다. 한편 구 임대주택법 시행규칙 제14조, 제9조 제1항은 공공건설임대주택의 분양전환가격 산정기준을 구체적으로 규정하고 있다. 나) 결국 피고가 2020. 10. 7.경 이 사건 아파트의 임차인들에게 우선 분양신청을 안내할 당시 분양전환시기, 분양전환가격, 분양전환의 목적물, 분양전환 계약의 당사자가 확정되어 있거나 장래 이를 확정할 수 있는 구체적인 기준과 방법 등에 관하여 합의가 이루어진 상태였으므로, 분양전환 계약과 관련하여 임대사업자인 피고와 임차인들 사이에 별도로 합의해야 할 사항은 남아있지 않았다. 다) 원고 1 등이 우선 분양전환 요건을 갖추었는지 여부는 공공주택특별법 제50조의3 등 관련 법령에 따라 결정되므로, 피고가 원고 1 등에게 우선 분양전환 요건을 갖추지 못하였다는 취지의 부적격 통지를 하였다고 하여 앞서 본 청약의 효력에 어떠한 영향을 미친다고 보기 어렵다. 3) 나아가 원고 1, 원고 2, 원고 3은 공공주택특별법 제50조의3 제1항 제1호 (라)목이 정하는 우선 분양전환 요건을 갖추었으나, 원고 5, 원고 6, 원고 7, 원고 10, 원고 11은 공공주택특별법 제50조의3 제1항 제1호 (다)목이 정하는 우선 분양전환 요건을 갖추지 못하였다고 본 원심판단의 결론은 수긍할 수 있다. 따라서 원고 1, 원고 2, 원고 3이 피고의 우선 분양신청 안내에 응하여 피고에게 우선 분양전환을 신청하고 분양전환에 필요한 서류를 제출함으로써, 또는 분양전환을 원인으로 해당 임대주택에 관한 소유권이전등기절차의 이행을 구하는 취지의 이 사건 소장 부본이 피고에게 송달됨으로써 원고 1, 원고 2, 원고 3과 피고 사이에 해당 임대주택에 관하여 분양전환의 합의가 이루어졌다고 볼 개연성이 크다(반면 우선 분양전환 요건을 갖추지 못한 원고 5, 원고 6, 원고 7, 원고 10, 원고 11과 피고 사이에는 분양전환의 합의가 이루어졌다고 보기 어렵다). 4) 그런데도 원심은 이와 달리 피고가 2020. 10. 7.경 이 사건 아파트의 임차인들에게 발송한 우선 분양신청 안내문의 문언에만 주목하여 원고 1, 원고 2, 원고 3과 피고 사이에 분양전환 계약의 성립을 위한 의사의 합치가 이루어졌다고 보기 어렵다고 판단하였다. 원고 1, 원고 2, 원고 3의 소유권이전등기청구에 관한 원심판단에는 계약의 성립에 관한 법리를 오해하는 등으로 판결에 영향을 미친 잘못이 있고, 이를 지적하는 원고 1, 원고 2, 원고 3의 이 부분 상고이유 주장은 이유 있다. 5) 원고 5, 원고 6, 원고 7, 원고 10, 원고 11의 소유권이전등기청구에 관한 원심의 이유 설시에 적절하지 아니한 부분은 있으나, 우선 분양전환 요건을 갖추지 못한 위 원고들의 소유권이전등기청구를 기각한 결론은 정당하고, 여기에 상고이유 주장과 같이 계약의 성립에 관한 법리를 오해하는 등으로 판결에 영향을 미친 잘못이 없다. 3. 원고 5, 원고 6, 원고 7, 원고 8, 원고 9, 원고 10, 원고 11(이하 ‘원고 5 등’이라 한다)의 ",임대주택의 매각시기’를 최초 입주 지정기간 종료 후(5년)로,미검수
법제처 OPEN API/prec,612881,2024두67238,취득세등부과처분취소,https://www.law.go.kr/DRF/lawService.do?OC=test&target=prec&ID=612881&type=HTML,(조 번호 미표기),(판단 불명확),판단 불명확,,,,"증거 등에 의하면, 다음과 같은 사실을 알 수 있다. 가. 원고는 2022. 4. 28. 부친 소외인으로부터 서울 강서구 (주소 생략) (동호수 생략)(이하 ‘이 사건 아파트’라고 한다)을 증여받되, 임차인에 대한 350,000,000원의 임대차보증금반환채무(이하 ‘이 사건 보증금반환채무’라고 한다)를 원고가 인수하기로 하는 내용의 부담부증여계약(이하 ‘이 사건 부담부증여계약’이라고 한다)을 체결하였다. 나. 원고는 2022. 6. 2. 지방세법 제13조의2 제2항에 의하여 조정대상지역 내 3억 원 이상의 주택 무상취득에 따른 12%의 중과세율을 적용하여 산출된 취득세 55,080,000원, 지방교육세 1,836,000원 합계 56,916,000원을 신고하고, 2022. 6. 3. 이를 납부하였다. 다. 원고는 2023. 2. 3. 피고에게 ‘이 사건 보증금반환채무에 상당하는 부분은 부담부증여로 유상취득세율(1%)이 적용되어야 한다.’고 주장하면서 이미 신고ㆍ납부한 취득세 등의 차액을 환급해 달라는 내용의 경정청구를 하였으나, 피고는 2023. 2. 8. 위 경정청구를 거부하였다(이하 ‘이 사건 처분’이라고 한다). 2. 관련 규정의 개정 연혁 및 이 사건의 쟁점 가. 지방세법 제7조 제11항은 본문에서 배우자 또는 직계존비속의 부동산 등을 취득하는 경우 증여로 취득한 것으로 보도록 규정하면서도, 단서에서 그 각 호의 어느 하나에 해당하는 경우에는 유상으로 취득한 것으로 보도록 규정하고 있다. 이에 따라 지방세법 제7조 제11항 단서 제4호는 유상취득으로 보는 경우 중 하나로서, ‘해당 부동산 등의 취득을 위하여 그 대가를 지급한 사실이 다음 각 목의 어느 하나에 의하여 증명되는 경우’를 규정하면서, ‘그 대가를 지급하기 위한 취득자의 소득이 증명되는 경우’[(가)목], ‘소유재산을 처분 또는 담보한 금액으로 해당 부동산을 취득한 경우’[(나)목], ‘이미 상속세 또는 증여세를 과세 받았거나 신고한 경우로서 그 상속 또는 수증 재산의 가액으로 그 대가를 지급한 경우’[(다)목], ‘(가)목부터 (다)목까지에 준하는 것으로서 취득자의 재산으로 그 대가를 지급한 사실이 입증되는 경우’[(라)목]를 들고 있다. 나아가 부동산 등의 부담부증여에 관하여, 지방세법 제7조 제12항 본문과 단서는 증여자의 채무를 인수하는 부담부증여의 경우에는 그 채무액에 상당하는 부분은 부동산 등을 유상으로 취득하는 것으로 보되, 배우자 또는 직계존비속으로부터의 부동산 등의 부담부증여의 경우에는 제11항을 적용한다고 규정하고 있다. 나. 「상속세 및 증여세법」에 배우자 또는 직계존비속에게 양도한 부동산 등에 관한 증여추정 규정(제44조 제1항)이 있었던 것과 달리, 지방세법에는 배우자 또는 직계존비속으로부터 취득한 부동산 등의 취득세에 관하여 아무런 규정을 두고 있지 않았다. 그러다가 2013. 12. 26. 법률 제12118호로 지방세법이 개정되면서 유상거래로 취득하는 주택의 취득세율이 종전보다 인하됨에 따라 주택에 관한 유상취득세율이 무상취득세율보다 낮아지게 되었다(제11조 제1항 제2호, 제8호). 이에 변칙적인 증여를 통해 취득세를 탈루하는 사례를 방지하고자 2014. 1. 1. 법률 제12153호로 지방세법이 다시 개정되어, 배우자 또는 직계존비속의 부동산 등을 취득하는 경우 증여로 취득한 것으로 보되 해당 부동산 등의 취득을 위하여 그 대가를 지급한 사실을 증명한 경우 등에 해당하는 때에는 유상취득한 것으로 보도록 하는 규정(제7조 제11항 본문 및 단서 제4호)이 신설되었다. 위 개정 당시, 증여자의 채무를 인수하는 부담부증여의 경우 그 채무액에 상당하는 부분은 부동산 등을 유상취득한 것으로 보도록 하는 규정(제7조 제12항)도 함께 마련되었다. 이후 2015. 12. 29. 법률 제13636호로 지방세법이 개정되면서, 배우자 또는 직계존비속의 부동산 등을 취득하는 경우 이를 유상취득으로 보려면 해당 부동산 등의 취득을 위하여 대가를 지급한 사실 외에도 취득자의 소득, 재산 등 대가 지급의 원천에 대한 추가적인 증명을 요하는 내용","라고 한다)을 체결하였다. 나. 원고는 2022. 6. 2. 지방세법 제13조의2 제2항에 의하여 조정대상지역 내 3억 원 이상의 주택 무상취득에 따른 12%의 중과세율을 적용하여 산출된 취득세 55,080,000원, 지방교육세 1,836,000원 합계 56,916,000원을 신고하고, 2022. 6. 3. 이를 납부하였다. 다. 원고는 2023. 2. 3. 피고에게",미검수
법제처 OPEN API/prec,618141,2024다308970,보험금,https://www.law.go.kr/DRF/lawService.do?OC=test&target=prec&ID=618141&type=HTML,(조 번호 미표기),(판단 불명확),판단 불명확,,,,"618141 2024다308970 20250926 선고 대법원 400201 민사 400101 판결 [1] 당사자가 표시한 문언에 의하여 객관적인 의미가 명확하게 드러나지 않는 경우, 법률행위의 해석 방법 [2] 甲 은행이 乙에게 전세금안심대출을 실행하면서 담보로 교부받은 주택도시보증공사 발행 대출보증서의 보증약관에는 ‘특약주채무자가 전세목적물 주소지에 입주하여 주민등록을 마친 후 전세계약 기간 중 보증회사에 고지를 하지 않고 거주를 이전하거나 주민등록을 이전하는 등에 의하여 대항력과 우선변제권을 상실하였을 때’를 면책사유로 정한 조항이 있는데, 위 보증에 따른 구상금채무를 담보하기 위하여 임대차보증금 반환채권을 보증공사에 양도한 乙이 임차주택을 인도받아 전입신고를 마치고 거주하다가 임대차기간 만료 전 임대차보증금을 반환받고 전출한 후 대출금을 상환하지 않자, 甲 은행이 보증공사에 보증채무의 이행을 청구하였는데, 보증공사가 위 약관 조항에 따른 면책을 주장하면서 보증금 지급을 거절한 사안에서, 위 약관 조항은 임차인이 보증공사에 알리지 않은 채 거주를 이전하는 등으로 대항력과 우선변제권을 상실하여 보증공사가 임대차보증금을 회수하는 데 지장이 초래된 경우에 공사를 면책하기 위한 규정이라고 해석함이 타당하므로 보증공사가 위 약관 조항에 따라 면책되었다고 볼 여지가 큰데도, 이와 달리 본 원심판단에 법리오해의 잘못이 있다고 한 사례 [3] 민사소송법 제70조 제1항에서 정한 예비적·선택적 공동소송의 요건인 ‘법률상 양립할 수 없다.’는 것의 의미 ]]> ]]> ]]> 【피고, 상고인】 주택도시보증공사 (소송대리인 법무법인(유한) 에이펙스 담당변호사 박기웅 외 3인) 【피고, 상고심당사자】 피고 2 외 1인 (소송대리인 변호사 이호천) 【원심판결】 서울중앙지법 2024. 10. 8. 선고 2024나12704 판결 【주 문】 원심판결을 파기한다. 피고 주택도시보증공사, △△△보험 주식회사에 대한 부분을 서울중앙지방법원에 환송한다. 피고 2에 대한 소송은 제1심판결에 대한 항소기간 만료일인 2022. 2. 16.이 지남으로써 종료되었다. 【이 유】 1. 상고이유를 판단한다. 가. 사안의 개요 원심판결의 이유 및 원심이 적법하게 채택하여 조사한 증거 등에 따르면 다음 사실을 알 수 있다. 1) 피고 2는 2019. 5. 16. 소외인으로부터 이 사건 주택을 임대차기간 2019. 5. 31.부터 2021. 5. 30.까지, 임대차보증금 115,000,000원으로 정하여 임차하기로 하는 임대차계약을 체결하였다. 2) 원고는 2019. 5. 16. 피고 2에게 92,000,000원을 ‘전세금안심대출’로 대출하기로 약정하였다. 3) 피고 2는 2019. 5. 31. 피고 주택도시보증공사(이하 ‘피고 공사’라 한다)로부터 보증금액 115,000,000원, 보증기간 2019. 5. 31.부터 2021. 6. 30.까지로 하는 전세금안심대출보증서를 발급받았고, 원고는 같은 날 피고 2로부터 위 전세금안심대출보증서를 담보로 교부받은 후 피고 2에게 위 92,000,000원의 대출을 실행하였다. 위 전세금안심대출보증 약관(이하 ‘이 사건 보증약관’이라 한다) 제22조 제1호는 ‘특약주채무자가 전세목적물 주소지에 입주하여 주민등록을 마친 후 전세계약 기간 중 보증회사에 고지를 하지 않고 거주를 이전하거나 주민등록을 이전하는 등에 의하여 대항력과 우선변제권을 상실(전세계약의 연장 등으로 보증을 갱신하는 경우 포함)하였을 때’를 피고 공사의 면책사유로 정하고 있다. 4) 피고 2는 위 전세금안심대출보증으로 인하여 피고 공사에 부담하게 될 구상금채무의 담보를 위하여 소외인에 대하여 갖는 임대차보증금반환채권을 피고 공사에 양도하였다. 5) 한편 원고는 2018. 3.경 피고 △△△보험 주식회사(이하 ‘피고 3 회사’라 한다)와",특약주채무자가 전세목적물 주소지에 입주하여 주민등록을 마친 후 전세계약 기간 중 보증회사에 고지를 하지 않고 거주를 이전하거나 주민등록을 이전하는 등에 의하여 대항력과 우선변제권을 상실하였을 때,미검수
법제처 OPEN API/prec,618141,2024다308970,보험금,https://www.law.go.kr/DRF/lawService.do?OC=test&target=prec&ID=618141&type=HTML,(조 번호 미표기),(판단 불명확),판단 불명확,,,," 주택도시보증공사(이하 ‘피고 공사’라 한다)로부터 보증금액 115,000,000원, 보증기간 2019. 5. 31.부터 2021. 6. 30.까지로 하는 전세금안심대출보증서를 발급받았고, 원고는 같은 날 피고 2로부터 위 전세금안심대출보증서를 담보로 교부받은 후 피고 2에게 위 92,000,000원의 대출을 실행하였다. 위 전세금안심대출보증 약관(이하 ‘이 사건 보증약관’이라 한다) 제22조 제1호는 ‘특약주채무자가 전세목적물 주소지에 입주하여 주민등록을 마친 후 전세계약 기간 중 보증회사에 고지를 하지 않고 거주를 이전하거나 주민등록을 이전하는 등에 의하여 대항력과 우선변제권을 상실(전세계약의 연장 등으로 보증을 갱신하는 경우 포함)하였을 때’를 피고 공사의 면책사유로 정하고 있다. 4) 피고 2는 위 전세금안심대출보증으로 인하여 피고 공사에 부담하게 될 구상금채무의 담보를 위하여 소외인에 대하여 갖는 임대차보증금반환채권을 피고 공사에 양도하였다. 5) 한편 원고는 2018. 3.경 피고 △△△보험 주식회사(이하 ‘피고 3 회사’라 한다)와 업무협정 등을 체결함으로써 원고의 전세대출에 관하여 원고를 피보험자로 하는 포괄보험계약을 체결하였는데, 피고 2의 위 전세자금대출에 관하여도 보험계약이 체결되었다. 6) 피고 2는 2019. 6. 4. 소외인으로부터 이 사건 주택을 인도받아 같은 날 전입신고를 마친 다음 이 사건 주택에서 거주하다가 임대차기간이 만료되기 전인 2021. 3. 2. 전출하였고, 그 무렵 소외인으로부터 임대차보증금 115,000,000원을 반환받았다. 나. 원심의 판단 원심은 그 판시와 같은 이유로 피고 2가 임대차가 존속 중인 상태에서 거주를 이전하거나 주민등록을 이전함으로써 주택임대차보호법상의 대항력이나 우선변제권을 잃은 것이 아니고 임대인과의 합의로 임대차를 종료시키고 그 즉시 임대차보증금을 지급받은 것이므로, 피고 공사는 이 사건 보증약관 제22조 제1호를 이유로 보증책임을 면할 수 없다고 판단하였다. 다. 대법원의 판단 그러나 원심의 위와 같은 판단은 다음과 같은 이유에서 수긍하기 어렵다. 1) 법률행위의 해석은 당사자가 그 표시행위에 부여한 객관적인 의미를 명백하게 확정하는 것으로서 당사자가 표시한 문언대로 의사표시의 존재와 내용을 인정하여야 한다. 당사자가 표시한 문언에 의하여 그 객관적인 의미가 명확하게 드러나지 않는 경우에는, 그 문언의 내용, 당사자의 주장과 증명을 통하여 드러나는 그 법률행위가 이루어지게 된 동기 및 경위, 당사자가 그 법률행위에 의하여 달성하려고 하는 목적과 진정한 의사, 거래의 관행 등을 종합적으로 고찰하여, 사회정의와 형평의 이념에 맞도록 논리와 경험의 법칙, 그리고 사회일반의 상식과 거래의 통념에 따라 합리적으로 해석하여야 한다(대법원 2001. 1. 19. 선고 2000다33607 판결, 대법원 2024. 2. 15. 선고 2019다272404 판결 등 참조). 2) 이 사건 보증약관을 위 법리와 적법하게 채택된 증거에 비추어 살펴보면, 이 사건 보증약관 제22조 제1호는 임차인이 피고 공사에 알리지 않은 채 거주를 이전하는 등으로 대항력과 우선변제권을 상실함으로써 피고 공사가 임대차보증금을 회수하는 데 지장이 초래된 경우에 피고 공사를 면책하기 위한 규정이라고 해석함이 타당하다. 그 이유는 다음과 같다. 가) 피고 공사는 전세금안심대출보증으로 피고 2에 대하여 취득하게 될 구상금채권의 담보를 위하여 피고 2로부터 임대차보증금반환채권을 양수하였고, 이 경우 피고 공사는 주택임대차보호법에 따라 피고 2의 우선변제권을 승계한다. 그러나 피고 2가 무단 전출하는 등으로 주택임대차보호법상 대항력을 상실하면 피고 공사도 더 이상 우선변제권을 행사할 수 없는데, 이 사건 보증약관 제22조 제1호는 이러한 경우 피고 공사를 면책하기 위한 규정으로 보인다. 나) 따라서 이 사건 보증약관 제22조 제1호의 면책사유에 해당하는지는 임차인이 무단 전출하는 등으로 대항력과 우선",라 한다) 제22조 제1호는 ‘특약주채무자가 전세목적물 주소지에 입주하여 주민등록을 마친 후 전세계약 기간 중 보증회사에 고지를 하지 않고 거주를 이전하거나 주민등록을 이전하는 등에 의하여 대항력과 우선변제권을 상실(전세계약의 연장 등으로 보증을 갱신하는 경우 포함)하였을 때,미검수
법제처 OPEN API/prec,618141,2024다308970,보험금,https://www.law.go.kr/DRF/lawService.do?OC=test&target=prec&ID=618141&type=HTML,제22조,(판단 불명확),판단 불명확,,,,", ‘전세계약 기간 중’이라는 문언에 얽매여 임차인이 임대인과 임대차계약을 합의해지한 후 무단 전출한 경우를 위 면책사유에서 제외할 것은 아니다. 피고 공사의 임대차보증금 회수에 지장을 초래한다는 점에서는 임차인이 임대차기간 중 무단으로 전출하는 것과, 임대인과 임대차계약을 합의해지한 후 무단으로 전출하는 것 사이에 별다른 차이가 없기 때문이다. 다) 이 사건 보증약관 제22조 제1호의 문언상으로도 ‘전세계약 기간 중 보증회사에 고지를 하지 않고 거주를 이전하거나 주민등록을 이전하는 행위’는 임차인이 대항력과 우선변제권을 상실함으로써 피고 공사가 우선변제권을 행사할 수 없게 된 경우의 예시를 든 것이라고 볼 여지가 크다. 라) 피고 2는 피고 공사에 ‘본인(임차인)이 대항력을 상실하여 전세보증금 회수와 관련하여 피고 공사의 손해가 발생하거나 증가된 경우에는 이와 관련한 민형사상 책임을 이의 없이 부담하겠습니다.’라는 취지의 전세금안심대출보증 확약서를 작성하여 제출하기도 하였다. 라. 피고 2가 피고 공사에 알리지 않은 채 이 사건 주택에서 무단으로 전출함으로써 피고 공사가 임대차보증금을 회수하는 데 지장이 초래된 이상 피고 공사는 이 사건 보증약관 제22조 제1호에 따라 면책되었다고 볼 여지가 크다. 그럼에도 원심은 그 판시와 같은 이유만으로 피고 공사가 보증책임을 면할 수 없다고 판단하였다. 이러한 원심판단에는 이 사건 보증약관상 면책사유의 해석 등에 관한 법리를 오해하여 판결에 영향을 미친 잘못이 있다. 이를 지적하는 피고 공사의 상고이유 주장은 이유 있다. 2. 직권으로 판단한다. 가. 민사소송법 제70조 제1항에 정하는 ‘법률상 양립할 수 없다.’는 것은, 동일한 사실관계에 대한 법률적인 평가를 달리하여 두 청구 중 어느 한쪽에 대한 법률효과가 인정되면 다른 쪽에 대한 법률효과가 부정됨으로써 두 청구가 모두 인용될 수는 없는 관계에 있는 경우나, 당사자들 사이의 사실관계 여하에 의하여 또는 청구원인을 구성하는 택일적 사실인정에 의하여 어느 일방의 법률효과를 긍정하거나 부정하고 이로써 다른 일방의 법률효과를 부정하거나 긍정하는 반대의 결과가 되는 경우로서, 두 청구들 사이에서 한쪽 청구에 대한 판단 이유가 다른 쪽 청구에 대한 판단 이유에 영향을 주어 각 청구에 대한 판단 과정이 필연적으로 상호 결합되어 있는 관계를 의미한다(대법원 2007. 6. 26. 자 2007마515 결정, 대법원 2012. 9. 27. 선고 2011다76747 판결 등 참조). 나. 기록에 의하여 알 수 있는 이 사건 소의 구조와 심리경과 등은 아래와 같다. 1) 원고는 피고 2를 상대로 대출약정에 따른 잔존 대출 원리금의 지급을 구하면서, 주위적으로 피고 3 회사를 상대로 피고 2와 공동하여 잔존 대출 원리금 상당 보험금의 지급을 구하고, 예비적으로 피고 공사를 상대로 피고 2와 공동하여 잔존 대출 원리금 상당 보증금의 지급을 구하는 이 사건 소를 제기하였다. 2) 제1심은 원고의 피고 2에 대한 소를 각하하고, 피고 3 회사에 대한 청구를 기각하였으며, 피고 공사에 대한 청구는 인용하였다. 이에 대하여 피고 공사만 항소를 제기하였고, 원고와 피고 2, 피고 3 회사는 항소하지 않았다. 3) 원심은 피고 2와 피고 3 회사가 모두 주위적 피고의 지위에 있어 피고 2에 대한 부분도 항소심에 이심된 것으로 보아 이를 심리한 후 피고 공사의 항소를 기각하였고, 이에 피고 공사는 다시 상고하였다. 다. 이 사건 각 청구의 원인을 앞서 본 법리 등에 비추어 보면, 원고의 피고 2에 대한 청구는 피고 3 회사, 피고 공사에 대한 청구와 법률상 서로 양립할 수 없는 관계에 있다고 보기 어렵다(원고의 피고 3 회사에 대한 청구와 피고 공사에 대한 청구가 법률상 서로 양립할 수 없는 관계에 있을 뿐이",전세계약 기간 중 보증회사에 고지를 하지 않고 거주를 이전하거나 주민등록을 이전하는 행위,미검수
법제처 OPEN API/prec,618081,2025다212423,건물인도,https://www.law.go.kr/DRF/lawService.do?OC=test&target=prec&ID=618081&type=HTML,(조 번호 미표기),(판단 불명확),판단 불명확,,,,"]]> ]]> 【피고, 상고인】 피고 【원심판결】 대전지법 2025. 4. 22. 선고 2024나212411 판결 【주 문】 원심판결의 피고 패소 부분 중 부당이득반환 부분을 파기하고, 이 부분 사건을 대전지방법원에 환송한다. 나머지 상고를 기각한다. 【이 유】 상고이유를 판단한다. 1. 사안의 개요 가. 원고는 피고와의 공동사업 약정(이하 ‘이 사건 동업계약’이라 한다)에 따라 원고 소유의 원심판결 별지 목록 기재 각 부동산(이하 ‘이 사건 건물’이라 한다)에 시설비를 들여 태권도장을 제공하였고, 피고는 보증금을 5,000만 원, 월 임대료를 220만 원(부가가치세 포함)으로 하여 작성한 이 사건 건물 임대차계약서를 이용하여 2008. 5. 14. 사업자등록을 마치고 이 사건 건물에서 태권도장을 운영하였다. 나. 원고는 2022. 8. 초경 피고에게 수익금 미지급을 이유로 2022. 9.까지 이 사건 건물을 인도해 달라고 요구하자, 피고는 당초 2022. 10. 말까지 태권도장을 정리하여 이 사건 건물을 인도해 주기로 하였으나, 위 기간까지 원고가 제시한 임대조건으로 태권도장 임대가 이루어지지 않자 좀 더 기다려 달라는 등의 이유로 인도를 거절함에 따라 원고와 피고 사이에 갈등이 발생하게 되었다. 다. 원고는 피고에게 2023. 12. 11. 자 청구취지 및 청구원인 변경신청서의 송달로써 수익금 미지급 및 신뢰관계 파괴를 이유로 이 사건 동업계약을 해지한다는 의사표시를 하였으나, 피고는 위 청구취지 및 청구원인 변경신청서가 2023. 12. 21. 피고에게 송달된 이후에도 태권도장 시설물을 철거하지 아니한 채 이 사건 건물을 점유하고 있었다. 라. 피고는 이 사건 동업계약 해지로 인하여 2023. 12. 이후에는 태권도장을 운영하지 않았다고 주장하고 있고, 원고는 이에 대하여 피고가 이 사건 건물에 기존 시설을 그대로 둔 채 이 사건 건물을 반환하지 않고 있으므로 부당이득을 얻고 있는 것이 명백하다고만 주장할 뿐 피고의 위 주장에 대하여는 크게 다투지 않고 있다. 2. 원심의 판단 가. 건물 인도 청구 부분에 관한 판단 원심은 판시 기재와 같은 이유로, 원고와 피고의 조합관계는 원고의 청구에 따라 해산되었다고 판단한 다음, 위 조합관계에서 이 사건 동업계약에 따라 태권도장으로 제공한 원고 소유의 이 사건 건물을 반환하는 것 외에는 종결할 현존 잔무나 추심하거나 변제할 채권채무가 남아 있지 않으므로 원고는 이 사건 건물을 점유하고 있는 피고를 상대로 이 사건 건물의 인도를 구할 수 있다고 판단하였다. 나. 부당이득반환 청구 부분에 관한 판단 원심은 판시 기재와 같은 이유로, 원고는 이 사건 건물을 점유하고 있는 피고를 상대로 이 사건 건물의 인도 완료일까지 이 사건 건물의 점유사용에 따른 부당이득의 반환을 구할 수 있고, 피고가 이 사건 건물에서 얼마든지 태권도장을 운영할 수 있었음에도 단지 운영하지 않았다는 사정만으로 부당이득을 얻지 않았다고 보기 어려우므로, 피고는 원고에게 2023. 12. 21.부터 이 사건 건물의 인도 완료일까지 이 사건 건물 임대차계약서에 기재된 차임 상당의 부당이득을 반환하여야 한다고 판단하였다. 3. 대법원의 판단 가. 관련 법리 1) 민법 제720조에 의한 조합의 해산청구는 조합이 소멸하기 위하여 그의 목적인 사업을 수행하기 위한 적극적인 활동을 중지하고, 조합재산을 정리하는 단계에 들어가는 것이다. 따라서 조합 당사자 간의 불화·대립으로 인하여 신뢰관계가 깨어지고 특정 조합원의 탈퇴나 제명으로도 조합업무의 원활한 운영을 기대할 수 없게 된 상황에서 특정 조합원이 다른 조합원에게 해지통고를 한 것이라면 이는 조합의 소멸을 동반하는 조합의 해산청구로 볼 수 있다(대법원 1996. 3.",라 한다)에 따라 원고 소유의 원심판결 별지 목록 기재 각 부동산(이하,미검수
법제처 OPEN API/prec,618187,2025다207128,보험금,https://www.law.go.kr/DRF/lawService.do?OC=test&target=prec&ID=618187&type=HTML,(조 번호 미표기),(판단 불명확),판단 불명확,,,,"반환채권을 양도’하는 채권양도계약을 체결하고 2020. 2. 21. 소외 2에게 그 취지를 통지하였다. 라. 피고 공사는 2020. 2. 28. 보증금액 1억 원, 보증기간 2020. 2. 28.부터 2022. 3. 25.까지, 주채무자 소외 1, 보증채권자 원고로 하는 전세금안심대출보증서를 발급하였고, 원고에게 그와 같은 보증의사를 통지하였다(이하 ‘이 사건 보증계약’이라 한다). 원고는 같은 날 소외 1과 전세자금 1억 원을 대출하는 내용의 대출거래약정을 체결하고, 그 무렵 위 대출금을 지급하였다. 마. 원고는 2020. 3. 2. 이 사건 업무협정에 따라 피고 회사에 위 대출거래약정에 대한 보험청약을 하였고, 피고 회사가 이를 인수함으로써 보험계약(이하 ‘이 사건 보험계약’이라 한다)이 체결되었다. 바. 소외 1은 임대차기간 종료일인 2022. 2. 27. 소외 2로부터 임차보증금 1억 원을 반환받아 2022. 2. 28. 이 사건 주택에서 전출하였고, 대출만료일인 2022. 3. 25. 원고에게 대출금을 상환하지 못한 상태에서 인천지방법원에 개인회생신청을 하였다. 2. 원심의 판단 원심은 제1심판결을 인용하여 다음과 같은 이유로 원고의 피고들에 대한 청구를 모두 기각하였다. 가. 이 사건 업무협정과 부속업무협정 및 이 사건 보험계약에 적용되는 전월세자금대출용권리보험(Ⅱ) 보통약관의 내용에 따르면, 애초부터 임대차계약 목적부동산의 소유권이나 임차권에 하자가 있거나 임차권에 우선하는 권리나 부담이 있어 대출금 회수가 불가능한 경우 피고 회사가 보험금을 지급하는 것이다. 소외 1이 2022. 2. 28. 이 사건 주택에서 전출하였으나, 이미 임대차기간이 지나고 임차보증금반환채권도 소멸한 후이므로 이 사건 업무협약 제8조 제1항 제5호가 정하는 ‘임대차기간 중 임차인의 대항력 및 우선변제권 하자로 인한 손실’에 해당하지 아니한다. 나. 피고 공사가 이 사건 보증계약에 따라 보증채무를 이행할 경우 임차보증금반환채권을 행사할 수 있는 상황에서, 소외 1이 이 사건 주택에서 전출하여 대항력과 우선변제권을 상실하였으므로 전세금안심대출보증약관(이하 ‘이 사건 보증약관’이라 한다) 제22조 제1호에 따라 피고 공사의 보증채무는 면책되었다. 3. 피고 회사에 대한 상고이유에 관하여 가. 그러나 원심의 피고 회사에 대한 판단은 그대로 받아들이기 어렵다. 원심판결 이유와 기록에 비추어 알 수 있는 다음과 같은 사정들에 비추어 보면, 피고 회사는 원고에게 이 사건 업무협정 제8조 제1항 제5호에 따라 이 사건 보험계약에 따른 보험금 지급의무를 부담한다고 볼 여지가 크다. 1) 주택임대차보호법에서 정한 요건을 갖춘 주택임차인은 대항력과 우선변제권을 취득한다. 피고 공사와 같은 금융기관 등이 우선변제권을 취득한 임차인의 보증금반환채권을 계약으로 양수한 경우에는 양수한 금액의 범위에서 우선변제권을 승계하는데, 임차인이 대항요건을 상실한 경우에는 금융기관 등이 승계한 우선변제권을 행사할 수 없게 된다(주택임대차보호법 제3조의2 제7항, 제8항). 2) 이 사건 보증약관 제22조 제1호, 제23조 제1호는, ‘특약주채무자(임차인)가 주택임대차보호법상의 대항력 또는 우선변제권을 잃은 경우(주택임차권등기가 완료되기 전 거주를 이전하거나 주민등록을 이전하는 경우 등) 피고 공사가 보증채무 전부에 대하여 책임을 부담하지 않는다.’고 정하고 있다. 이는 위 주택임대차보호법 규정에 따라 임차인이 주택임대차보호법상 대항력을 상실하면 피고 공사도 더 이상 우선변제권을 행사할 수 없게 되므로, 이러한 경우 피고 공사를 면책하기 위한 조항이다. 3) 소외 1은 전세금안심대출보증으로 인하여 피고 공사에 대하여 부담하는 채무를 담보하기 위하여 소외 2에 대하여 가지는 임차보증금반환채권을 피고 공사에 양도하고 그 양도사실을 통지하였다. 따라서 소외 2가 임대차기간 종료일인 2022. 2. 27. 소외 1에게 임차보증금을 반환하였더라도 소외 2의 피고 공사에 대한 임차보증금반환채무가 소멸하","라 한다). 원고는 같은 날 소외 1과 전세자금 1억 원을 대출하는 내용의 대출거래약정을 체결하고, 그 무렵 위 대출금을 지급하였다. 마. 원고는 2020. 3. 2. 이 사건 업무협정에 따라 피고 회사에 위 대출거래약정에 대한 보험청약을 하였고, 피고 회사가 이를 인수함으로써 보험계약(이하",미검수
법제처 OPEN API/prec,615699,2024다227606,임대차보증금·부당이득금,https://www.law.go.kr/DRF/lawService.do?OC=test&target=prec&ID=615699&type=HTML,(조 번호 미표기),(판단 불명확),판단 불명확,,,,"하게 채택하여 조사한 증거 등에 따르면 다음 사실을 알 수 있다. 가. 원고(반소피고, 이하 ‘원고’라 한다)는 2020. 8. 8. 피고(반소원고, 이하 ‘피고’라 한다)로부터 인천 부평구 (이하 생략) 외 2필지 (건물명 생략) (호수 생략)호(이하 ‘이 사건 부동산’이라 한다)를 월차임 없이 임대차보증금 165,000,000원에 임차하였고(이하 ‘이 사건 임대차계약’이라 한다), 같은 날 피고에게 계약금 15,000,000원을 지급하였다. 나. 이 사건 부동산은 원래 피고의 소유였다가 2017. 8. 18. 수탁자인 주식회사 생보부동산신탁 명의로 신탁을 원인으로 한 소유권이전등기가 마쳐진 상태였는데, 원고와 피고는 이 사건 임대차계약의 특약사항으로 ‘신탁은 잔금일에 말소하기로 한다.’고 정하였다. 다. 원고는 이 사건 임대차계약에서 정한 잔금일인 2020. 8. 14. 피고에게 나머지 임대차보증금 150,000,000원을 지급하였으나, 피고는 잔금일 이후에도 주식회사 생보부동산신탁 명의로 마쳐진 소유권이전등기를 말소하지 않았다. 라. 원고는 2021. 1. 21. 피고에게 ‘2021. 2. 3.까지 신탁등기말소절차를 이행하지 않을 경우 2021. 2. 4. 자로 이 사건 임대차계약을 해제한다.’는 취지의 내용증명우편을 보냈고, 위 내용증명은 2021. 1. 22. 피고에게 도달하였다. 마. 피고는 신탁재산의 귀속을 원인으로 2022. 7. 18. 이 사건 부동산에 관하여 피고 명의로 소유권이전등기를 마쳤다. 바. 원고는 임대차보증금을 반환받기 위하여 2022. 9. 21. 이 사건 부동산에 관한 강제경매를 신청하여 2022. 9. 22. 경매개시결정을 받았고, 2023. 11. 9. 위 경매절차에서 142,687,594원을 배당금으로 수령하였다. 사. 원고는 2024. 1. 2. 이 사건 부동산에서 퇴거하였다. 2. 본소 부분에 관한 판단 원고는 본소 부분에 대하여 상고하였으나, 상고장이나 상고이유서에 이 부분에 관한 상고이유의 기재가 없다. 3. 반소 부분에 관한 판단 가. 원심의 판단 원심은 반소에 관하여 그 판시와 같은 이유로 원고가 이 사건 임대차계약이 해지된 다음 날인 2021. 2. 5. 이후로서 피고가 구하는 2021. 2. 9.부터 원고가 피고에게 이 사건 부동산을 인도한 2024. 1. 2.까지 이 사건 부동산을 사용·수익하면서 이에 따른 이익을 얻었으므로 피고에게 이 사건 부동산의 차임 상당 부당이득금을 반환할 의무가 있다고 판단하였다. 나. 대법원의 판단 1) 그러나 원심의 위와 같은 판단은 다음과 같은 이유에서 수긍하기 어렵다. 가) 임차인은 월차임 없이 임차보증금만을 교부하고 임대차기간 중 건물을 점유·사용하여 수익하고 임대인은 임차보증금의 금융이익을 차임으로 이득할 것을 내용으로 하는 임대차계약에서 임대차기간이 만료된 경우에, 임대인이 임차보증금을 반환하지 않은 상태에서 임차인이 임차목적물을 계속 사용·수익한다고 하여 그 사용이익을 임차인이 부당이득하였다고 볼 수 없다(대법원 1979. 9. 25. 선고 79다762 판결, 대법원 2014. 5. 29. 선고 2013다72138 판결 등 참조). 나) 이 사건 임대차계약은 월차임 없이 임대차보증금만을 교부하는 이른바 채권적 전세계약으로서 특별한 사정이 없는 한 임대차보증금에 대한 이자 상당액은 점유·사용에 따른 차임 상당액과 대가관계에 있으므로(대법원 1976. 10. 26. 선고 76다1184 판결, 대법원 2010. 9. 30. 선고 2009다65942, 65959 판결 등 참조), 이 사건 임대차계약이 종료한 후 원고가 피고로부터 임대차보증금을 반환받지 않은 상태에서 이 사건 부동산을 계속 사용·수익한다고 하여 그 사용이익을 부당이득하였다고 보기는 어렵다. 2) 그럼에도 원심은 판시와 같은 이유만으로 차임 상당 부당이득금의 반환을 구하는 피고의 반소 청구를 일부 인용하였다. 이러한 원심의 판단에는 채권적 전세에 있어서 부당이득","라 한다), 같은 날 피고에게 계약금 15,000,000원을 지급하였다. 나. 이 사건 부동산은 원래 피고의 소유였다가 2017. 8. 18. 수탁자인 주식회사 생보부동산신탁 명의로 신탁을 원인으로 한 소유권이전등기가 마쳐진 상태였는데, 원고와 피고는 이 사건 임대차계약의 특약사항으로",미검수
법제처 OPEN API/prec,608501,2022도11923,의료법위반·사기[혐의사실과의 관련성에 대한 구분 없이 휴대전화에 저장된 전자정보를 엑셀파일로 생성·저장하는 등의 방법으로 실행된 압수수색의 적법 여부가 문제된 사건],https://www.law.go.kr/DRF/lawService.do?OC=test&target=prec&ID=608501&type=HTML,(조 번호 미표기),(판단 불명확),판단 불명확,,,,"받아 취득하고, 2016. 4.경 중국 마카오 소재 ◇◇◇호텔 ‘정켓방’에서 공소외 1에게 9,500만 원 상당의 카지노 칩 등을 제공해 바카라 도박을 하게 하는 등 영리를 목적으로 도박장을 개설·운영하였다.""라는 것이다. 나. 담당 수사관은 2017. 11. 14. 11:15경 피고인 1의 주거지에서 제1 영장을 집행하였는데, 그 과정에서 ‘치과병원 동업계약서’와 ‘부동산임대차계약서’(이하 함께 가리킬 때는 ‘이 사건 각 계약서’라 한다)를 압수하였다. 그리고 같은 날 15:00경 의정부지방검찰청 검사실에서 제1 영장 집행으로 피고인 1로부터 이 사건 휴대전화를 압수하였다. 다. 담당 검사 등은 2017. 11. 17. 피고인 1을 면담하며 이 사건 각 계약서를 제시하고 ‘비의료인인 피고인 1이 □□치과를 운영한 사실이 확인되었다.’는 취지로 이야기하였으나, 피고인 1은 이러한 의료법 위반 혐의를 부인하였다. 이에 담당 검사 등은 피고인 1에게 ‘디지털포렌식팀에서 휴대전화 분석 내용이 오면 이를 근거로 조사하겠다.’는 취지로 고지하였다. 라. 서울고등검찰청 모바일포렌식팀 수사관(이하 ‘포렌식 수사관’이라 하고, 담당 검사 등과 함께 지칭할 때는 ‘검찰’이라 한다)은 담당 검사의 요청에 따라 2017. 11. 19.경 이 사건 휴대전화의 애플리케이션, 연락처, 통화기록, 메시지, 검색로그, 브라우저 기록, 사진 등의 정보를 이미징하여 복제하고(이와 같이 복제된 파일을 ‘이 사건 복제본’이라 한다), 동일한 정보가 담긴 엑셀파일 및 피디에프(pdf) 파일(이하 통틀어 ‘이 사건 엑셀파일 등’이라 한다)을 생성한 후 그 무렵 디지털수사통합업무관리시스템(이하 ‘디지털업무시스템’이라 한다)에 등록하였다. 위 파일들의 통화기록은 2013. 7. 1. 자 및 날짜를 알 수 없는 것 외에는 2017. 3. 29.부터 2017. 11. 14.까지 이루어진 것이고, 메시지는 카카오톡이나 위챗 등 애플리케이션을 통하여 주고받은 것들로서 날짜를 알 수 없는 것 외에는 2016. 6. 28.부터 2017. 11. 19.까지 사이에 생성된 것이며, 사진은 2017. 7. 4.부터 2017. 11. 14.까지 사이에 수정된 것이다. 마. 담당 검사는 2017. 12. 1. 피고인 1을 제1 영장 범죄 혐의사실과 무등록 대부업으로 인한 대부업 등의 등록 및 금융이용자 보호에 관한 법률 위반죄로 기소하였다. 바. 담당 검사 등은 2018. 1. 5. 이 사건 엑셀파일 등을 디브이디(DVD)에 복제하여 기록에 첨부하고, 상대방이 ‘☆☆☆치과’ 및 ‘▽▽▽치과김실장’인 메시지 전부를 따로 분류하여 문서로 출력하였다. 위 메시지 중 ‘☆☆☆치과’ 부분은 피고인 1과 피고인 2가 주고받은 카카오톡 메시지이고, ‘▽▽▽치과김실장’ 부분은 피고인 1과 공소외 2가 주고받은 카카오톡 메시지이다. 공소외 2는 □□치과에서 입출금, 정산 등 업무를 담당한 사람이다. 사. 담당 검사는 2018. 1. 9. 의정부지방법원 판사로부터, ‘범죄사실’을 이 사건 공소사실 중 의료법 위반 부분으로 하고, ‘압수할 물건’을 ‘의정부지방검찰청 검사실에 보관 중인 이 사건 각 계약서’ 및 ‘기 압수된 이 사건 휴대전화’로 한 압수·수색·검증영장(이하 ‘제2 영장’이라 한다)을 발부받았고, 담당 수사관은 2018. 1. 10. 의정부지방검찰청 검사실에서 제2 영장을 집행하여 피고인 1로부터 이 사건 각 계약서 및 휴대전화를 압수하였다. 검찰이 이 사건 휴대전화를 대상으로 다시 디지털포렌식 절차를 진행한 흔적은 찾아볼 수 없다. 아. 담당 검사 등은 2018. 1. 12.경 ‘피고인 1의 □□치과 명함’, ‘위 치과의 8월 홍보 자료’와 피고인 1이 ""제가 강",와 ‘부동산임대차계약서’(이하 함께 가리킬 때는,미검수
법제처 OPEN API/prec,616695,2019노96,특정범죄가중처벌등에관한법률위반(조세)(피고인2·피고인3·피고인4에대하여일부인정된죄명조세범처벌법위반방조)·특정범죄가중처벌등에관한법률위반(허위세금계산서교부등)·특정경제범죄가중처벌등에관한법률위반(횡령)·업무상횡령·업무상배임·조세범처벌법위반,https://www.law.go.kr/DRF/lawService.do?OC=test&target=prec&ID=616695&type=HTML,(조 번호 미표기),(판단 불명확),판단 불명확,,,,"맹이익을 각 공제하고 점포 지원금 명목의 추가수수료를 더한 금액이 매월 점주에게 귀속되는 위탁판매수수료인데, 위탁판매점을 운영하여 얻은 이익 또는 손실이 점주들에게 실질적으로 귀속되었고, 목표매출액의 25%에 해당하는 금액 외에 개별타이어 판매량에 따라 피고인 7 회사가 얻는 추가적인 이익은 없다고 주장한다. 그러나 피고인 7 회사와 점주들 사이에 작성된 타이어판매용역계약서 및 그 내용에 해당하는 ‘위탁수수료 약정서’에서 정하고 있는 위탁판매수수료 지급기준은 피고인들이 주장하는 위탁판매수수료의 계산방식과는 차이가 있다. ③ 그뿐만 아니라 피고인 7 회사가 작성한 ‘위탁판매수수료’라는 제목의 문건에는 2013. 12. 31. 기준으로 각 점포별로 부가가치세를 포함한 위탁판매수수료를 ""1안:실제 성과급, 2안: 50억 원 안분 + 실제 성과급, 3안: 매출액, 4안: 70억 원 안분 + 실제 성과급""으로 나누어 계산하고 있는 바(증거기록 7권 띠지 112), 이는 위 ②항에서 피고인들이 주장하거나 위탁수수료 약정서에서 정하고 있는 위탁수수료 계산방식과 또 다른 차이가 있어 피고인들이 주장하는 위탁판매수수료의 존재나 그 산정방법을 믿기 어렵다. ④ 특히 위탁판매점 점주들은 피고인들이 주장하는 위탁판매수수료의 존재 또는 계산방식 등을 제대로 알지 못하고, 피고인 7 회사가 위탁판매점 점주들의 도장과 공인인증서를 이용하여 위탁판매수수료 매출세금계산서를 역발행한 것으로 보인다. 위탁판매점 점주들이 아래와 같이 한 진술은 위와 같은 사정을 뒷받침한다. 증거표시주요 내용 증 15권 제2192쪽 이하(순번 208번)■ 공소외 20(점주) 2017. 3. 2.자 검찰 진술조서 (6쪽) 문) 진술인은 피고인 7 회사로부터 수탁수수료를 지급받은 후 ""공소외 20 타이어"" 명의로 세금계산서를 발행했던 사실이 있는가요. / 답) 실제 수탁수수료를 받은 적도 없고, 수수료와 관련하여 세금계산서를 발행한 적도 없습니다. 문) 국세청의 피고인 7 회사 자료를 보면, ""공소외 20 타이어""와 관련하여, 2014년도에 201,935,660원, 2015년도에 240,804,620원 등 442,740,280원의 수탁수수료를 지급하고 세금계산서를 수취한 것으로 되어 있는데 어떤가요. / 답) 국세청 세무조사 이후 2016. 8.경 무렵부터 3~4개월 정도는 사업용 통장에 위 수탁수수료라는 명목으로 송금을 해 주고 있지만, 그 전까지는 위수탁수수료라는 명목으로 입금된 적이 없습니다. 그리고 저는 세금계산서를 발행한 적도 없습니다. 증 17권 제4858쪽 이하(순번 241번)■ 공소외 23(점주) 2017. 4. 11.자 검찰 진술조서 (12쪽) 문) 세금계산서 내역에 이하면, 피고인 7 회사는 진술인 명의 사업자에 2013년에 231,771,181원, 2014년에 167,038,420원 등 398,809,601원의 수탁수수료를 지급한 것으로 확인되는데 어떤가요. / 답) 저는 수탁수수료라는 명목으로 이러한 돈을 받은 적은 없습니다. (13쪽) 문) 피고인 7 회사에서는 수탁수수료를 지급하면서 ‘공소외 23 타이어’ 명의로 세금계산서를 발행하기도 하였는데 누가 발행한 것인가요. / 답) 저는 세금계산서를 발행한 적이 없습니다. 공 4권 제1710쪽 이하■ 공소외 31(점주) 2018. 11. 28.자 원심 증언 녹취서 (17쪽) 문) 본사로부터 수탁점장으로 근무하면서 위탁수수료 받은 사실 있습니까. / 답) 없습니다. 문) 위탁수수료 산정근거가 어떻게 되는지는 본사에서 일방적으로 정해지는 것이었고 입출금 역시 본사에서 하는 것으로서 증인은 산정근거나 입출금내역을 알지 못하지요. / 답) 예. 문) 위탁수수료 어떻게 산정되는지 알아요. / 답) 모릅니다. (18쪽) 문) 위탁수수료 명목으로 금원을 실제 수령한 사실은 없다는 것이지요. / 답) 그렇습니다. 문) 점장으로 근무하는 동안 본사에서 증인에게 위탁수수료를",위탁수수료 약정서’에서 정하고 있는 위탁판매수수료 지급기준은 피고인들이 주장하는 위탁판매수수료의 계산방식과는 차이가 있다. ③ 그뿐만 아니라 피고인 7 회사가 작성한,미검수
법제처 OPEN API/prec,607789,2022다311736,"임대차보증금[임대차보증금에서 위약벌 및 손해배상예정액을 공제하기로 약정한 임차인에 대해 회생절차가 개시된 경우, 임대인이 회생채권으로 주장할 수 있는 임대차보증금반환채권의 범위가 다투어진 사건]",https://www.law.go.kr/DRF/lawService.do?OC=test&target=prec&ID=607789&type=HTML,(조 번호 미표기),위험,판례 문맥 추론 · 단일 신호,위험,,,"고와 사이에, 원고 소유이던 서울 종로구 (주소 생략) 토지 및 그 지상에 위치한 지하 3층, 지상 17층 규모의 건물(이하 ‘이 사건 건물’이라 한다)을 피고에게 매도함과 동시에 이를 임대차보증금 5,694,177,840원, 임대차기간 2013. 12. 4.부터 2023. 12. 3.까지로 정하여 원고가 임차하기로 약정하였다(이하 임대차 부분을 가리켜 ‘이 사건 임대차계약’이라고 한다). 원고는 그 무렵 피고에게 위 임대차보증금을 지급하고(이하 ‘이 사건 임대차보증금’이라고 한다), 이 사건 건물을 원고 본사 사옥으로 사용하여 왔다. 다. 이 사건 임대차계약 제19조 제1항에서는, ""「채무자 회생 및 파산에 관한 법률」 제119조 또는 제335조에 근거하여 임차인의 관리인 또는 파산관재인이 본 계약을 중도에 해지하는 경우, 임차인은 ‘본 계약 해지 시점 당시의 월 임대료 × 24’로 계산된 위약벌을 임대인에게 지급하여야 하고, 임대인은 본 항에 따른 위약벌을 임대차보증금에서 공제할 수 있으며, 임차인은 이에 대하여 아무런 이의 없이 동의한다.""라고, 같은 조 제2항에서는 ""「채무자 회생 및 파산에 관한 법률」 제119조 또는 제335조에 근거하여 임차인의 관리인 또는 파산관재인이 본 계약을 중도에 해지하는 경우, 임차인은 본 조 제(1)항에 따른 위약벌 이외에 ‘본 계약 해지 시점 당시의 월 임대료 및 월 관리비 합계액 × 24’의 금액과 ‘본 계약 해지 시점부터 2차 임대차기간 종료일까지의 월 임대료 및 월 관리비 합계액’ 중 적은 금액으로 계산된 손해배상 예정액을 임대인에게 지급하여야 하고, 임대인은 본 항에 따른 손해배상 예정액을 임대차보증금에서 공제할 수 있으며, 임차인은 이에 대하여 아무런 이의 없이 동의한다.""라는 내용을 각 규정하고 있다(이하 이 사건 임대차계약 제19조 제1항, 제2항을 ‘대상조항’이라고 하고, 그중 공제에 관한 부분만을 가리켜 ‘이 사건 공제약정’이라고 한다). 라. 원고는 2017. 9. 11. 서울회생법원 2017회합100149호로 회생절차개시신청을 하여 같은 해 10. 12. 회생절차개시결정을 받았고(이하 종전 회생절차와 구별하여 ‘이 사건 회생절차’라고 한다), 같은 날 선임된 원고의 관리인은 회생법원의 허가를 받아 2018. 4. 6. 「채무자 회생 및 파산에 관한 법률」(이하 ‘채무자회생법’이라고 한다) 제119조 제1항에 의하여 쌍방미이행 쌍무계약인 이 사건 임대차계약을 해지한 다음 2018. 8. 31. 피고에게 이 사건 건물을 인도하였다. 원고에 대하여 2018. 5. 24. 회생계획인가결정이, 같은 해 6. 25. 회생절차종결결정이 각 내려졌다. 마. 한편 피고는 이 사건 회생절차 진행 중인 2017. 11. 15. 이 사건 임대차계약 해지로 인한 장래 위약벌 및 손해배상금 합계 14,506,968,792원의 채권을 신고하였고, 이에 대하여 원고 관리인이 전부 이의함에 따라 피고는 서울회생법원 2018회확100011호로 회생채권조사확정재판을 신청하였다. 위 법원은 2020. 1. 16. 대상조항을 무효라고 보기는 어려우나 다만 여러 사정을 종합하여 손해배상 예정액을 10%로 감액한다고 하면서, ""피고의 원고에 대한 회생채권은 위약벌 6,301,177,176원과 손해배상 예정액 820,579,161원의 합계 7,121,756,337원임을 확정한다.""라고 결정하였다(이하 위 위약벌과 손해배상 예정액을 ‘이 사건 위약벌’과 ‘이 사건 손해배상 예정액’이라고 한다). 원고는 이에 불복하여 서울회생법원 2020가합100265호로 이의의 소를 제기하였으나, 위 법원은 2020. 11. 18. 위 회생채권조사확정재판을 인가하는 판결을 하였고, 이에 대한 원고의 항소가 2021. 6. 17. 기각되어 위 판결이 ",라고 한다). 원고는 그 무렵 피고에게 위 임대차보증금을 지급하고(이하,미검수
법제처 OPEN API/prec,607789,2022다311736,"임대차보증금[임대차보증금에서 위약벌 및 손해배상예정액을 공제하기로 약정한 임차인에 대해 회생절차가 개시된 경우, 임대인이 회생채권으로 주장할 수 있는 임대차보증금반환채권의 범위가 다투어진 사건]",https://www.law.go.kr/DRF/lawService.do?OC=test&target=prec&ID=607789&type=HTML,제19조,위험,판례 문맥 추론 · 단일 신호,위험,,,"보증금 5,694,177,840원, 임대차기간 2013. 12. 4.부터 2023. 12. 3.까지로 정하여 원고가 임차하기로 약정하였다(이하 임대차 부분을 가리켜 ‘이 사건 임대차계약’이라고 한다). 원고는 그 무렵 피고에게 위 임대차보증금을 지급하고(이하 ‘이 사건 임대차보증금’이라고 한다), 이 사건 건물을 원고 본사 사옥으로 사용하여 왔다. 다. 이 사건 임대차계약 제19조 제1항에서는, ""「채무자 회생 및 파산에 관한 법률」 제119조 또는 제335조에 근거하여 임차인의 관리인 또는 파산관재인이 본 계약을 중도에 해지하는 경우, 임차인은 ‘본 계약 해지 시점 당시의 월 임대료 × 24’로 계산된 위약벌을 임대인에게 지급하여야 하고, 임대인은 본 항에 따른 위약벌을 임대차보증금에서 공제할 수 있으며, 임차인은 이에 대하여 아무런 이의 없이 동의한다.""라고, 같은 조 제2항에서는 ""「채무자 회생 및 파산에 관한 법률」 제119조 또는 제335조에 근거하여 임차인의 관리인 또는 파산관재인이 본 계약을 중도에 해지하는 경우, 임차인은 본 조 제(1)항에 따른 위약벌 이외에 ‘본 계약 해지 시점 당시의 월 임대료 및 월 관리비 합계액 × 24’의 금액과 ‘본 계약 해지 시점부터 2차 임대차기간 종료일까지의 월 임대료 및 월 관리비 합계액’ 중 적은 금액으로 계산된 손해배상 예정액을 임대인에게 지급하여야 하고, 임대인은 본 항에 따른 손해배상 예정액을 임대차보증금에서 공제할 수 있으며, 임차인은 이에 대하여 아무런 이의 없이 동의한다.""라는 내용을 각 규정하고 있다(이하 이 사건 임대차계약 제19조 제1항, 제2항을 ‘대상조항’이라고 하고, 그중 공제에 관한 부분만을 가리켜 ‘이 사건 공제약정’이라고 한다). 라. 원고는 2017. 9. 11. 서울회생법원 2017회합100149호로 회생절차개시신청을 하여 같은 해 10. 12. 회생절차개시결정을 받았고(이하 종전 회생절차와 구별하여 ‘이 사건 회생절차’라고 한다), 같은 날 선임된 원고의 관리인은 회생법원의 허가를 받아 2018. 4. 6. 「채무자 회생 및 파산에 관한 법률」(이하 ‘채무자회생법’이라고 한다) 제119조 제1항에 의하여 쌍방미이행 쌍무계약인 이 사건 임대차계약을 해지한 다음 2018. 8. 31. 피고에게 이 사건 건물을 인도하였다. 원고에 대하여 2018. 5. 24. 회생계획인가결정이, 같은 해 6. 25. 회생절차종결결정이 각 내려졌다. 마. 한편 피고는 이 사건 회생절차 진행 중인 2017. 11. 15. 이 사건 임대차계약 해지로 인한 장래 위약벌 및 손해배상금 합계 14,506,968,792원의 채권을 신고하였고, 이에 대하여 원고 관리인이 전부 이의함에 따라 피고는 서울회생법원 2018회확100011호로 회생채권조사확정재판을 신청하였다. 위 법원은 2020. 1. 16. 대상조항을 무효라고 보기는 어려우나 다만 여러 사정을 종합하여 손해배상 예정액을 10%로 감액한다고 하면서, ""피고의 원고에 대한 회생채권은 위약벌 6,301,177,176원과 손해배상 예정액 820,579,161원의 합계 7,121,756,337원임을 확정한다.""라고 결정하였다(이하 위 위약벌과 손해배상 예정액을 ‘이 사건 위약벌’과 ‘이 사건 손해배상 예정액’이라고 한다). 원고는 이에 불복하여 서울회생법원 2020가합100265호로 이의의 소를 제기하였으나, 위 법원은 2020. 11. 18. 위 회생채권조사확정재판을 인가하는 판결을 하였고, 이에 대한 원고의 항소가 2021. 6. 17. 기각되어 위 판결이 그 무렵 그대로 확정되었다(서울고등법원 2020나2046494호, 이하 ‘관련 판결’이라고 한다). 바. 원고는 피고를 상대로 이 사건 임대차보증금에서 차임 등을 공제한 나머지 1,324,640,605원 및 이에 대한 지연손해금의 지급을 구하는 이 사건 소를 제기하였고, 이에 대하여 피고는 관","채무자 회생 및 파산에 관한 법률」 제119조 또는 제335조에 근거하여 임차인의 관리인 또는 파산관재인이 본 계약을 중도에 해지하는 경우, 임차인은",미검수
법제처 OPEN API/prec,607789,2022다311736,"임대차보증금[임대차보증금에서 위약벌 및 손해배상예정액을 공제하기로 약정한 임차인에 대해 회생절차가 개시된 경우, 임대인이 회생채권으로 주장할 수 있는 임대차보증금반환채권의 범위가 다투어진 사건]",https://www.law.go.kr/DRF/lawService.do?OC=test&target=prec&ID=607789&type=HTML,제19조,위험,판례 문맥 추론 · 단일 신호,위험,,," 관리비 합계액 × 24’의 금액과 ‘본 계약 해지 시점부터 2차 임대차기간 종료일까지의 월 임대료 및 월 관리비 합계액’ 중 적은 금액으로 계산된 손해배상 예정액을 임대인에게 지급하여야 하고, 임대인은 본 항에 따른 손해배상 예정액을 임대차보증금에서 공제할 수 있으며, 임차인은 이에 대하여 아무런 이의 없이 동의한다.""라는 내용을 각 규정하고 있다(이하 이 사건 임대차계약 제19조 제1항, 제2항을 ‘대상조항’이라고 하고, 그중 공제에 관한 부분만을 가리켜 ‘이 사건 공제약정’이라고 한다). 라. 원고는 2017. 9. 11. 서울회생법원 2017회합100149호로 회생절차개시신청을 하여 같은 해 10. 12. 회생절차개시결정을 받았고(이하 종전 회생절차와 구별하여 ‘이 사건 회생절차’라고 한다), 같은 날 선임된 원고의 관리인은 회생법원의 허가를 받아 2018. 4. 6. 「채무자 회생 및 파산에 관한 법률」(이하 ‘채무자회생법’이라고 한다) 제119조 제1항에 의하여 쌍방미이행 쌍무계약인 이 사건 임대차계약을 해지한 다음 2018. 8. 31. 피고에게 이 사건 건물을 인도하였다. 원고에 대하여 2018. 5. 24. 회생계획인가결정이, 같은 해 6. 25. 회생절차종결결정이 각 내려졌다. 마. 한편 피고는 이 사건 회생절차 진행 중인 2017. 11. 15. 이 사건 임대차계약 해지로 인한 장래 위약벌 및 손해배상금 합계 14,506,968,792원의 채권을 신고하였고, 이에 대하여 원고 관리인이 전부 이의함에 따라 피고는 서울회생법원 2018회확100011호로 회생채권조사확정재판을 신청하였다. 위 법원은 2020. 1. 16. 대상조항을 무효라고 보기는 어려우나 다만 여러 사정을 종합하여 손해배상 예정액을 10%로 감액한다고 하면서, ""피고의 원고에 대한 회생채권은 위약벌 6,301,177,176원과 손해배상 예정액 820,579,161원의 합계 7,121,756,337원임을 확정한다.""라고 결정하였다(이하 위 위약벌과 손해배상 예정액을 ‘이 사건 위약벌’과 ‘이 사건 손해배상 예정액’이라고 한다). 원고는 이에 불복하여 서울회생법원 2020가합100265호로 이의의 소를 제기하였으나, 위 법원은 2020. 11. 18. 위 회생채권조사확정재판을 인가하는 판결을 하였고, 이에 대한 원고의 항소가 2021. 6. 17. 기각되어 위 판결이 그 무렵 그대로 확정되었다(서울고등법원 2020나2046494호, 이하 ‘관련 판결’이라고 한다). 바. 원고는 피고를 상대로 이 사건 임대차보증금에서 차임 등을 공제한 나머지 1,324,640,605원 및 이에 대한 지연손해금의 지급을 구하는 이 사건 소를 제기하였고, 이에 대하여 피고는 관련 판결에서 인정된 위약벌 및 손해배상 예정액을 공제하면 원고에게 지급할 보증금이 존재하지 않는다고 다투었다. 2. 원심의 판단 원심은, 다음과 같은 이유로 원고의 피고에 대한 청구는 모두 이유 없다고 보아 원고의 청구를 기각하였다. 가. 이 사건 임대차계약이 종료된 이상 피고는 원고에게 이 사건 임대차보증금 5,694,177,840원에서 원고가 공제를 자인하는 미지급 차임, 관리비, 원상복구비용 등 4,369,537,235원을 공제한 나머지 1,324,640,605원(= 5,694,177,840원 － 4,369,537,235원) 및 이에 대하여 이 사건 건물 인도 완료 다음 날인 2018. 9. 1.부터의 지연손해금을 지급할 의무가 있다. 나. 원고는 2013. 1.경 종전 회생절차종결결정을 받은 후 2013. 11. 29. 이 사건 건물을 피고에게 매도하면서 같은 날 이 사건 임대차계약을 체결하였는데, 이러한 경위로 이 사건 임대차계약에 대상조항이 규정된 것으로 보인다. 특히 이 사건 공제약정은 피고에게 공제권을 부여하면","대상조항’이라고 하고, 그중 공제에 관한 부분만을 가리켜",미검수
